1,,AL,31318,,,REGULATOR,,0,0,0,0,1459,34,,,,,4474800,,0,1,N,N,UN,UN,UN,1,1,1459,1459,,1459,1240,948.6,,,34.98,34.983,948.6,948.6,948.6,948.6,948.6,948.6,,X,0,,0,,03/28/13,,,,0,04/12/13,,04/05/13,,,,,,0,0,0,0,0,0,0,0,0,0,0,0,0,,,,,,,,,,,,,,,,,,,,0,0,0,0,0,0,0,0,0,0,0,0,0,,,,0,0,0,,,0,0,0,0,0,,,,,,EA,,0,,0,0,Y,,,,1,,LB,N,,,,,,,,,N,,0,0,,,0,0,0,Y,O,Y,,,,0,0,,,,,,,,,,,,,,,,,,,,,,N,,,,Y,N,,,Y,,,,,,,,1,,,,,Weblink,,,,,,,,,,,,,,,,,,N
1,,AL,46116,,,"SWITCH, TEMPERATURE",,0,0,0,0,50,34,,,,,5371300,,0,1,N,N,UN,UN,UN,1,1,50,50,,50,45,32.41,,,35.18,35.18,32.41,32.41,32.41,32.41,32.41,32.41,,X,0,,0,,10/21/13,,,,0,11/15/13,,11/14/13,,,,,,0,0,0,0,0,0,0,0,0,0,0,0,0,,,,,,,,,,,,,,,,,,,,0,0,0,0,0,0,0,0,0,0,0,0,0,,,,0,0,0,,,0,0,0,0,0,,,,,,EA,,0,,0,0,Y,,,,1,,LB,N,,,,,,,,,N,,0,0,,,0,0,0,Y,O,Y,02/05/15,,,0,0,,,,,,,,,,,,,,,,,,,,,,N,,,,Y,N,,,Y,,,,,,,,1,,,,,Weblink,,,,,,,,,,,,,,,,,,N
1,0NONE,AL,KLM1-105-1000,,,ALTERNATOR,,0,0,0,0,10500,34,,,,,5396200,,0,1,N,N,EA,EA,EA,1,1,10500,10500,,10500,9000,7302.84,,,30.45,30.449,5593,5593,5593,7302.84,7302.84,7302.84,,X,0,,0,,10/23/13,,,,0,11/15/13,,11/14/13,12/19/18,,,,,0,0,0,0,0,0,0,0,0,0,0,0,0,,,,,,,,,,,,,,,,,,,,0,0,0,0,0,0,0,0,0,0,0,0,0,,,,0,0,0,,,0,0,0,0,0,,,,,,EA,,0,,0,0,Y,,,,1,,LB,N,,,,,,,,,N,,0,0,,,0,0,0,Y,O,Y,,,,0,0,,,,,,,,,,,,,,,,,,,,,,N,,,,Y,N,,,Y,,,,,,,,1,,,,,Weblink,,,,,,,,,,,,,,,,,,N
1,,AL,52774,,,HEATER TANK,,0,0,0,0,137,34,,,,,4336500,,0,1,N,N,UN,UN,UN,1,1,137,137,,137,116,88.56,,,35.36,35.358,88.56,88.56,88.56,88.56,88.56,88.56,,X,0,,0,,12/20/13,,,,0,01/14/14,,10/13/09,,,,,,0,0,0,0,0,0,0,0,0,0,0,0,0,,,,,,,,,,,,,,,,,,,,0,0,0,0,0,0,0,0,0,0,0,0,0,,,,0,0,0,,,0,0,0,0,0,,,,,,EA,,0,,0,0,Y,,,,1,,LB,N,,,,,,,,,N,,0,0,,,0,0,0,Y,O,Y,,,,0,0,,,,,,,,,,,,,,,,,,,,,,N,,,,Y,N,,,Y,,,,,,,,1,,,,,Weblink,,,,,,,,,,,,,,,,,,N
1,P3437,AL,100292,,,"FEM. CONNECTOR, LOAD, ASSY, 175A",,1,0,0,1,75,34,,,,,2125200,,0,1,N,N,EA,EA,EA,1,1,75,75,,75,75,75,75,75,44.54,34.927,48.805,48.805,48.805,48.805,48.805,48.805,,B,0,150,2,52.38,01/10/14,0.349,,,0,07/07/22,01/30/21,06/05/01,12/27/21,,,,,0,0,0,0,0,1,0,0,0,0,1,0,0,,,,,,,,,,,,,,,,,,,,0,0,0,0,0,0,0,0,0,0,0,0,0,,,,0,3,2,97.62,97.62,0,0,0,0,0,,,,,,EA,,0,,-1,0,Y,88,,,1,,LB,N,,,,,,,,,N,,0,0,,,0,0,0,Y,O,Y,02/05/15,1.08,2.01,2,0,,,,,,,,,,,,,,,,,,,,,,N,,,,Y,N,,,Y,,,,,,,,1,,,,,Weblink,,,,,,,,,,,,,,,,,,N
1,P3437,AL,100299,,,"MALE CONNECTOR, LOAD, ASSY, 400A",,0,0,0,0,155,,,,,,2123600,,0,1,N,N,EA,EA,EA,1,1,155,155,,155,155,155,155,155,40.69,40.694,91.924,91.924,91.924,91.924,91.924,91.924,,X,0,,0,,01/10/14,,,,0,11/06/19,01/11/19,06/05/01,12/19/18,,,,,0,0,0,0,0,0,0,0,0,0,0,0,0,,,,,,,,,,,,,,,,,,,,0,0,0,0,0,0,0,0,0,0,0,0,0,,,,0,5,0,,,0,0,0,0,0,,,,,,EA,,0,,0,0,Y,,,,1,,LB,N,,,,,,,,,N,,0,0,,,0,0,0,Y,O,Y,02/05/15,,,0,0,,,,,,,,,,,,,,,,,,,,,,N,,,,Y,N,,,Y,,,,,,,,1,,,,,Weblink,,,,,,,,,,,,,,,,,,N
1,P3437,AL,100300,,,"FEM. CONNECTOR, LOAD ASSY, 400A",,0,0,0,0,153,34,,,,,2565200,,0,1,N,N,EA,EA,EA,1,1,153,153,,153,153,153,153,153,51.15,51.15,74.737,74.737,74.737,74.74,74.74,74.74,,C,0,153,1,78.26,01/10/14,0.512,,,0,01/31/22,10/18/18,06/05/01,12/19/18,,,,,0,0,0,0,0,0,0,0,0,0,0,1,0,,,,,,,,,,,,,,,,,,,,0,0,0,0,0,0,0,0,0,0,0,0,0,,,,0,3,1,74.74,74.74,0,0,0,0,0,,,,,,EA,,0,,0,0,Y,,,,1,,LB,N,,,,,,,,,N,,0,0,,,0,0,0,Y,O,Y,02/05/15,,,1,0,,,,,,,,,,,,,,,,,,,,,,N,,,,Y,N,,,Y,,,,,,,,1,,,,,Weblink,,,,,,,,,,,,,,,,,,N
1,,AL,SUA80371,,,LABEL SM124 STD OVERSPEED SWITCH,,0,0,0,0,4,34,,,,,SUA80371,,0,1,N,N,EA,EA,EA,1,1,4,4,,4,4,4,4,4,45,27.325,2.907,2.907,2.907,2.907,2.907,2.907,,X,0,,0,,05/27/15,,,,0,07/27/15,05/27/15,05/27/15,,,,,,0,0,0,0,0,0,0,0,0,0,0,0,0,,,,,,,,,,,,,,,,,,,,0,0,0,0,0,0,0,0,0,0,0,0,0,,,,0,1,0,,,0,0,0,0,0,,,,,,EA,,0,,0,0,Y,,,,,,LB,N,,,,,,,,,N,,0,0,,,0,0,0,Y,O,Y,05/27/15,,,0,0,,,,,,,,,,,,,,,,,,,,,,N,,,,Y,N,,,Y,,,,,,,,1,,,,,Weblink,,,,,,,,,,,,,,,,,,N
1,,AL,SUA83402,,,SPEED SM124,,0,0,0,0,125,34,,,,,SUA83402,,0,1,N,N,EA,EA,EA,1,1,125,125,,125,125,125,125,125,45,30.502,86.873,86.873,86.873,86.873,86.873,86.873,,X,0,,0,,05/27/15,,,,0,07/27/15,05/27/15,05/27/15,,,,,,0,0,0,0,0,0,0,0,0,0,0,0,0,,,,,,,,,,,,,,,,,,,,0,0,0,0,0,0,0,0,0,0,0,0,0,,,,0,1,0,,,0,0,0,0,0,,,,,,EA,,0,,0,0,Y,,,,,,LB,N,,,,,,,,,N,,0,0,,,0,0,0,Y,O,Y,05/27/15,,,0,0,,,,,,,,,,,,,,,,,,,,,,N,,,,Y,N,,,Y,,,,,,,,1,,,,,Weblink,,,,,,,,,,,,,,,,,,N
1,,AL,52748,,,"HEATER TANK, 1500W, 120V",,0,0,0,0,75,34,,,,,52748,,0,1,N,N,EA,EA,EA,1,1,75,75,,75,75,75,75,75,45,15.173,63.62,63.62,63.62,63.62,63.62,63.62,,X,0,,0,,11/27/15,,,,0,11/30/15,11/27/15,11/27/15,,,,,,0,0,0,0,0,0,0,0,0,0,0,0,0,,,,,,,,,,,,,,,,,,,,0,0,0,0,0,0,0,0,0,0,0,0,0,,,,0,1,0,,,0,0,0,0,0,,,,,,EA,,0,,0,0,Y,,,,,,LB,N,,,,,,,,,N,,0,0,,,0,0,0,Y,O,Y,11/27/15,,,0,0,,,,,,,,,,,,,,,,,,,,,,N,,,,Y,N,,,Y,,,,,,,,1,,,,,Weblink,,,,,,,,,,,,,,,,,,N
1,,AL,64868-016,,,"GENERATOR, WINCO",,0,0,0,0,12100,872,,,,,64868-016,,0,1,N,N,EA,EA,EA,1,1,12100,12100,,12100,12100,12100,12100,12100,45,37.347,7581,7581,7581,7581,7581,7581,,X,0,,0,,12/17/19,,,,0,11/11/20,12/27/22,12/17/19,,,,,,0,0,0,0,0,0,0,0,0,0,0,0,0,,,,,,,,,,,,,,,,,,,,0,0,0,0,0,0,0,0,0,0,0,0,1,,,,0,2,0,,,0,0,0,0,0,,,,,,EA,,0,,0,0,Y,10125,,,,,LB,N,,,,,,,,,N,,0,0,,,0,0,0,Y,O,Y,12/17/19,,,0,0,,,,,,,,,,,,,,,,,,,,,,N,,,,Y,N,,,Y,,,,,,,,1,,,,,Weblink,,,,,,,,,,,,,,,,,,N
1,,AL,14006247,,,PTO SHAFT,,0,0,0,0,234.25,547,,,,,14006247,,0,1,N,N,EA,EA,EA,1,1,234.25,234.25,,234.25,234.25,234.25,234.25,234.25,45,35.005,152.25,152.25,152.25,152.25,152.25,152.25,,X,0,,0,,11/18/20,,,,0,01/13/21,11/18/20,11/18/20,,,,,,0,0,0,0,0,0,0,0,0,0,0,0,0,,,,,,,,,,,,,,,,,,,,0,0,0,0,0,0,0,0,0,0,1,0,1,,,,0,2,0,,,1,0,152,152,0,,,,,,EA,,0,,0,0,Y,,,,,,LB,N,,,,,,,,,N,,0,0,,,0,0,0,Y,O,Y,11/18/20,,,0,0,,,,,,,,,,,,,,,,,,,,,,N,,,,Y,N,,,Y,,,,,,,,1,,,,,Weblink,,,,,,,,,,,,,,,,,,N
1,P3437,AL,100293,,,"MALE CONNECTOR, LOAD, ASSY, 350A",,-2,0,0,-2,107.5,34,,,,,3462200,,0,1,N,N,EA,EA,EA,1,1,107.5,107.5,,107.5,107.5,107.5,107.5,107.5,34.98,34.986,69.89,69.89,69.89,69.89,69.89,69.89,,A,0,322.5,3,112.83,03/11/21,0.35,,,0,07/07/22,10/18/18,06/05/01,06/15/22,,,,,0,0,0,0,0,1,1,0,0,0,1,0,0,,,,,,,,,,,,,,,,,,,,0,0,0,0,0,0,0,0,1,1,0,0,0,,,,0,11,3,209.67,209.67,2,108,140,140,0,,,,,,EA,,0,,-1,0,Y,,,,1,,LB,N,,,,,,,,,N,,0,0,,,0,0,0,Y,O,Y,03/11/21,,,3,0,,,,,,,,,,,,,,,,,,,,,,N,,,,Y,N,,,Y,,,,,,,,1,,,,,Weblink,,,,,,,,,,,,,,,,,,N
1,P3437,AL,100295,,,"MALE CONNECTOR, LOAD, ASSY, 175A",,0,0,0,0,89,34,,,,,3025800,,0,1,N,N,EA,EA,EA,1,1,89,89,,89,89,89,89,89,34.6,48.483,45.85,45.85,45.85,45.85,45.85,45.85,,A,0,267,3,129.45,03/11/21,0.485,,,0,01/31/22,01/11/19,06/05/01,12/27/21,,,,,0,0,0,0,0,0,0,0,0,0,0,3,0,,,,,,,,,,,,,,,,,,,,0,1,0,0,0,0,0,1,0,0,0,0,0,,,,0,11,1,137.55,137.55,2,178,104,92,0,,,,,,EA,,0,,0,0,Y,,,,1,,LB,N,,,,,,,,,N,,0,0,,,0,0,0,Y,O,Y,03/11/21,,,3,0,,,,,,,,,,,,,,,,,,,,,,N,,,,Y,N,,,Y,,,,,,,,1,,,,,Weblink,,,,,,,,,,,,,,,,,,N
1,,AL,64864-013,,,"W70PTO-3, 120/240V GENERATOR",,0,0,0,0,10430,872,,,,,64864-013,,0,1,N,N,EA,EA,EA,1,1,10430,10430,,10430,10430,10430,10430,10430,20,29.664,7336,7336,7336,7336,7336,7336,,C,0,10430,1,3094,03/23/21,0.297,,,0,06/14/22,06/14/22,12/28/18,,,,,,0,0,0,0,0,0,1,0,0,0,0,0,0,,,,,,,,,,,,,,,,,,,,0,0,0,0,0,0,0,0,0,0,0,0,0,,,,0,1,1,7336,7336,0,0,0,0,0,,,,,,EA,,0,,0,0,Y,9170.99,,,,1066,LB,N,,,,,,,,,N,,0,0,,,0,0,0,Y,O,Y,03/23/21,,,1,0,,,,,,,,,,,,,,,,,,,,,,N,,,,Y,N,,,Y,,,,,,,,1,,,,,Weblink,,,,,,,,,,,,,,,,,,N
1,,AL,64868-017,,,W75FPTOS-17 3PH GENERATOR,,1,0,0,1,9668.99,872,,,,,64868-017,,0,1,N,N,EA,EA,EA,1,1,9668.99,9668.99,,9668.99,9668.99,9668.99,9668.99,9668.99,20,20.002,7735,7735,7735,7735,7735,7735,,X,0,,0,,03/23/21,,,,0,,05/11/21,12/28/18,,,,,,0,0,0,0,0,0,0,0,0,0,0,0,0,,,,,,,,,,,,,,,,,,,,0,0,0,0,0,0,0,0,0,0,0,0,0,,,,0,0,0,,,0,0,0,0,0,,,,,,EA,,0,,0,0,Y,8720,,,,1504,LB,N,,,,,,,,,N,,0,0,,,0,0,0,Y,O,Y,03/23/21,,,0,0,,,,,,,,,,,,,,,,,,,,,,N,,,,Y,N,,,Y,,,,,,,,1,,,,,Weblink,,,,,,,,,,,,,,,,,,N
1,,AL,205054-031,,,"GENERATOR, 5OKW",,0,0,0,0,6225,872,,,,,205054-031,,0,1,N,N,EA,EA,EA,1,1,6225,6225,,6225,6225,6225,6225,6225,45,25.108,4662,4662,4662,4662,4662,4662,,C,0,,0,,10/26/21,,,,0,12/09/21,10/26/21,10/26/21,,,,,,0,0,0,0,0,0,0,0,0,0,0,0,1,,,,,,,,,,,,,,,,,,,,0,0,0,0,0,0,0,0,0,0,0,0,0,,,,0,1,0,,,1,5850,4662,4662,0,,,,,,EA,,0,,0,0,Y,,,,,,LB,N,,,,,,,,,N,,0,0,,,0,0,0,Y,O,Y,10/26/21,,,0,0,,,,,,,,,,,,,,,,,,,,,,N,,,,Y,N,,,Y,,,,,,,,1,,,,,Weblink,,,,,,,,,,,,,,,,,,N
1,,AL,64864-012,,,"W150FPTOS, 120/240V GENERATOR",,0,0,0,0,14785,872,,,,,64864-012,,0,1,N,N,EA,EA,EA,1,1,14785,14785,,14785,14785,14785,14785,14785,45,25.005,11088,11088,11088,11088,11088,11088,,C,0,13000,1,1912,10/26/21,0.147,,,0,01/31/22,10/26/21,12/28/18,,,,,,0,0,0,0,0,0,0,0,0,0,0,1,0,,,,,,,,,,,,,,,,,,,,0,0,0,0,0,0,0,0,0,0,0,0,0,,,,0,1,1,11088,11088,0,0,0,0,0,,,,,,EA,,0,,0,0,Y,13340,,,,1484,LB,N,,,,,,,,,N,,0,0,,,0,0,0,Y,O,Y,10/26/21,,,1,0,,,,,,,,,,,,,,,,,,,,,,N,,,,Y,N,,,Y,,,,,,,,1,,,,,Weblink,,,,,,,,,,,,,,,,,,N
1,,AL,205054-171,,,"GENERATOR, 50KW, 3PH",,0,0,0,0,9000,872,,,,,205054-171,,0,1,N,N,EA,EA,EA,1,1,9000,9000,,9000,9000,9000,9000,9000,45,26.611,6605,6605,6605,6605,6605,6605,,C,0,9000,1,2395,07/21/22,0.266,,,0,07/21/22,07/21/22,07/21/22,,,,,,0,0,0,0,0,1,0,0,0,0,0,0,0,,,,,,,,,,,,,,,,,,,,0,0,0,0,0,0,0,0,0,0,0,0,0,,,,0,1,1,6605,6605,0,0,0,0,0,,,,,,EA,,0,,0,0,Y,,,,,,LB,N,,,,,,,,,N,,0,0,,,0,0,0,Y,O,Y,07/21/22,,,1,0,,,,,,,,,,,,,,,,,,,,,,N,,,,Y,N,,,Y,,,,,,,,1,,,,,Weblink,,,,,,,,,,,,,,,,,,N
1,P3435,AL,77199H,,,"REGULATOR, VOLTAGE",8236056518,6,0,0,6,228,885,,BE350,,,77199H,,0,1,N,N,UN,UN,UN,1,1,228,228,,228,228,228,228,228,48.16,53.294,106.49,106.49,106.49,106.49,106.49,106.49,,B,0,456,2,121.01,09/19/22,0.265,,,0,09/03/22,01/19/18,08/28/03,12/19/18,,,,,0,-1,0,1,0,1,1,0,0,0,0,0,0,,,,,,,,,,,,,,,,,,,,0,0,2,0,0,0,0,0,0,0,0,1,2,,,,0,16,3,334.99,334.99,2,456,294,294,0,,,,,,UN,,0,,-2,0,Y,3.79,,,1,0.3,LB,N,,,,,,,,,N,,0,0,,,0,0,0,Y,O,Y,09/03/21,0.19,0.53,2,0,,,,,,,,,,,,,,,,,,,,,,N,,,,Y,N,,,Y,,,,,,,5,1,,,,,Weblink,,,,,,,,,,,,,,,,,,N
1,P3435,AL,77958,,,LIGHT SPEED,,2,0,0,2,275,34,,SUA77958,,,626900,,0,1,N,N,UN,UN,UN,1,1,275,275,,275,275,275,275,275,35.34,26.396,202.41,202.41,202.41,202.41,202.41,202.41,,C,0,275,1,171.54,09/19/22,0.624,,,0,09/03/22,08/31/22,06/10/04,12/19/18,,,,,0,0,0,1,0,0,0,0,0,0,0,0,0,,,,,,,,,,,,,,,,,,,,0,0,0,0,0,0,0,0,0,0,0,1,0,,,,0,3,1,103.46,103.46,0,0,0,0,0,,,,,,EA,,0,,0,0,Y,260,,,1,,LB,N,,,,,,,,,N,,0,0,,,0,0,0,Y,O,Y,08/31/22,0.42,0.26,1,0,,,,,,,,,,,,,,,,,,,,,,N,,,,Y,N,,,Y,34,,,,,,1,1,,,,,Weblink,,,,,,,,,,,,,,,,,,N
1,,AL,64864-010,,,"W85FPTOS, 120/240V GENERATOR",,1,0,0,1,13000,,,,,,64864-010,,0,1,N,N,EA,EA,EA,1,1,13000,13000,,13000,13000,13000,13000,13000,45,27.869,9377,9377,9377,9377,9377,9377,,X,0,,0,,10/06/22,,,,0,,10/06/22,12/28/18,,,,,,0,0,0,0,0,0,0,0,0,0,0,0,0,,,,,,,,,,,,,,,,,,,,0,0,0,0,0,0,0,0,0,0,0,0,0,,,,0,0,0,,,0,0,0,0,0,,,,,,EA,,0,,0,0,Y,8800,,,,1066,LB,N,,,,,,,,,N,,0,0,,,0,0,0,Y,O,Y,10/06/22,,,0,0,,,,,,,,,,,,,,,,,,,,,,N,,,,Y,N,,,Y,,,,,,,,1,,,,,Weblink,,,,,,,,,,,,,,,,,,N
1,,AL,64868-014,,,W145FPTOS-17 3PH 120/240V GENERA,,0,0,0,0,13930,,,,,,64868-014,,0,1,N,N,EA,EA,EA,1,1,13930,13930,,13930,13930,13930,13930,13930,45,30,9751,9751,9751,9751,9751,9751,,X,0,,0,,,,,,0,,12/28/18,12/28/18,,,,,,0,0,0,0,0,0,0,0,0,0,0,0,0,,,,,,,,,,,,,,,,,,,,0,0,0,0,0,0,0,0,0,0,0,0,0,,,,0,0,0,,,0,0,0,0,0,,,,,,EA,,0,,0,0,Y,,,,,1504,LB,N,,,,,,,,,N,,0,0,,,0,0,0,Y,O,Y,12/28/18,,,0,0,,,,,,,,,,,,,,,,,,,,,,N,,,,Y,N,,,Y,,,,,,,,1,,,,,Weblink,,,,,,,,,,,,,,,,,,N
1,,AL,64868-015,,,W165PTOS-18 3PH 277/480V GENERAT,,0,0,0,0,13540,,,,,,64868-015,,0,1,N,N,EA,EA,EA,1,1,13540,13540,,13540,13540,13540,13540,13540,45,30,9478,9478,9478,9478,9478,9478,,X,0,,0,,,,,,0,,12/28/18,12/28/18,,,,,,0,0,0,0,0,0,0,0,0,0,0,0,0,,,,,,,,,,,,,,,,,,,,0,0,0,0,0,0,0,0,0,0,0,0,0,,,,0,0,0,,,0,0,0,0,0,,,,,,EA,,0,,0,0,Y,,,,,1504,LB,N,,,,,,,,,N,,0,0,,,0,0,0,Y,O,Y,12/28/18,,,0,0,,,,,,,,,,,,,,,,,,,,,,N,,,,Y,N,,,Y,,,,,,,,1,,,,,Weblink,,,,,,,,,,,,,,,,,,N
1,,AL,64868-012,,,W120PTOS-18 3PH 277/480V GENERAT,,0,0,0,0,11660,,,,,,64868-012,,0,1,N,N,EA,EA,EA,1,1,11660,11660,,11660,11660,11660,11660,11660,45,30,8162,8162,8162,8162,8162,8162,,X,0,,0,,,,,,0,,12/28/18,12/28/18,,,,,,0,0,0,0,0,0,0,0,0,0,0,0,0,,,,,,,,,,,,,,,,,,,,0,0,0,0,0,0,0,0,0,0,0,0,0,,,,0,0,0,,,0,0,0,0,0,,,,,,EA,,0,,0,0,Y,,,,,1216,LB,N,,,,,,,,,N,,0,0,,,0,0,0,Y,O,Y,12/28/18,,,0,0,,,,,,,,,,,,,,,,,,,,,,N,,,,Y,N,,,Y,,,,,,,,1,,,,,Weblink,,,,,,,,,,,,,,,,,,N
1,,AL,64868-011,,,W105FPTOS-17 3PH 120/240V GENERA,,0,0,0,0,11870,,,,,,64868-011,,0,1,N,N,EA,EA,EA,1,1,11870,11870,,11870,11870,11870,11870,11870,45,30,8309,8309,8309,8309,8309,8309,,X,0,,0,,,,,,0,,12/28/18,12/28/18,,,,,,0,0,0,0,0,0,0,0,0,0,0,0,0,,,,,,,,,,,,,,,,,,,,0,0,0,0,0,0,0,0,0,0,0,0,0,,,,0,0,0,,,0,0,0,0,0,,,,,,EA,,0,,0,0,Y,,,,,1216,LB,N,,,,,,,,,N,,0,0,,,0,0,0,Y,O,Y,12/28/18,,,0,0,,,,,,,,,,,,,,,,,,,,,,N,,,,Y,N,,,Y,,,,,,,,1,,,,,Weblink,,,,,,,,,,,,,,,,,,N
1,,AL,64868-018,,,W85PTOS-18 3PH 277/480V GENERATO,,0,0,0,0,8720,,,,,,64868-018,,0,1,N,N,EA,EA,EA,1,1,8720,8720,,8720,8720,8720,8720,8720,45,30,6104,6104,6104,6104,6104,6104,,X,0,,0,,,,,,0,,12/28/18,12/28/18,,,,,,0,0,0,0,0,0,0,0,0,0,0,0,0,,,,,,,,,,,,,,,,,,,,0,0,0,0,0,0,0,0,0,0,0,0,0,,,,0,0,0,,,0,0,0,0,0,,,,,,EA,,0,,0,0,Y,,,,,1504,LB,N,,,,,,,,,N,,0,0,,,0,0,0,Y,O,Y,12/28/18,,,0,0,,,,,,,,,,,,,,,,,,,,,,N,,,,Y,N,,,Y,,,,,,,,1,,,,,Weblink,,,,,,,,,,,,,,,,,,N
1,,AL,91276-056,,,45PTOC-17 3PH 120/240V GENERATOR,,0,0,0,0,4930,,,,,,91276-056,,0,1,N,N,EA,EA,EA,1,1,4930,4930,,4930,4930,4930,4930,4930,45,30,3451,3451,3451,3451,3451,3451,,X,0,,0,,,,,,0,,12/28/18,12/28/18,,,,,,0,0,0,0,0,0,0,0,0,0,0,0,0,,,,,,,,,,,,,,,,,,,,0,0,0,0,0,0,0,0,0,0,0,0,0,,,,0,0,0,,,0,0,0,0,0,,,,,,EA,,0,,0,0,Y,,,,,558,LB,N,,,,,,,,,N,,0,0,,,0,0,0,Y,O,Y,12/28/18,,,0,0,,,,,,,,,,,,,,,,,,,,,,N,,,,Y,N,,,Y,,,,,,,,1,,,,,Weblink,,,,,,,,,,,,,,,,,,N
1,,AL,91287-025,,,"75FPTOC-4, 3PH, 120/208V GENERAT",,0,0,0,0,6400,,,,,,91287-025,,0,1,N,N,EA,EA,EA,1,1,6400,6400,,6400,6400,6400,6400,6400,45,30,4480,4480,4480,4480,4480,4480,,X,0,,0,,,,,,0,,12/28/18,12/28/18,,,,,,0,0,0,0,0,0,0,0,0,0,0,0,0,,,,,,,,,,,,,,,,,,,,0,0,0,0,0,0,0,0,0,0,0,0,0,,,,0,0,0,,,0,0,0,0,0,,,,,,EA,,0,,0,0,Y,,,,,742,LB,N,,,,,,,,,N,,0,0,,,0,0,0,Y,O,Y,12/28/18,,,0,0,,,,,,,,,,,,,,,,,,,,,,N,,,,Y,N,,,Y,,,,,,,,1,,,,,Weblink,,,,,,,,,,,,,,,,,,N
1,,AL,97100-000,,,MEDIUM PTO TRAILER,,0,0,0,0,650,,,,,,97100-000,,0,1,N,N,EA,EA,EA,1,1,650,650,,650,650,650,650,650,45,30,455,455,455,455,455,455,,X,0,,0,,,,,,0,,12/28/18,12/28/18,,,,,,0,0,0,0,0,0,0,0,0,0,0,0,0,,,,,,,,,,,,,,,,,,,,0,0,0,0,0,0,0,0,0,0,0,0,0,,,,0,0,0,,,0,0,0,0,0,,,,,,EA,,0,,0,0,Y,,,,,194,LB,N,,,,,,,,,N,,0,0,,,0,0,0,Y,O,Y,12/28/18,,,0,0,,,,,,,,,,,,,,,,,,,,,,N,,,,Y,N,,,Y,,,,,,,,1,,,,,Weblink,,,,,,,,,,,,,,,,,,N
1,,AL,99840-003,,,"W10PTOS, 1PH, 120/240V GENERATOR",,0,0,0,0,1830,,,,,,99840-003,,0,1,N,N,EA,EA,EA,1,1,1830,1830,,1830,1830,1830,1830,1830,45,30,1281,1281,1281,1281,1281,1281,,X,0,,0,,,,,,0,,12/28/18,12/28/18,,,,,,0,0,0,0,0,0,0,0,0,0,0,0,0,,,,,,,,,,,,,,,,,,,,0,0,0,0,0,0,0,0,0,0,0,0,0,,,,0,0,0,,,0,0,0,0,0,,,,,,EA,,0,,0,0,Y,,,,,166,LB,N,,,,,,,,,N,,0,0,,,0,0,0,Y,O,Y,12/28/18,,,0,0,,,,,,,,,,,,,,,,,,,,,,N,,,,Y,N,,,Y,,,,,,,,1,,,,,Weblink,,,,,,,,,,,,,,,,,,N
1,,AL,99840-004,,,"W15PTOS, 1PH, 120/240V GENERATOR",,0,0,0,0,2320,,,,,,99840-004,,0,1,N,N,EA,EA,EA,1,1,2320,2320,,2320,2320,2320,2320,2320,45,30,1624,1624,1624,1624,1624,1624,,X,0,,0,,,,,,0,,12/28/18,12/28/18,,,,,,0,0,0,0,0,0,0,0,0,0,0,0,0,,,,,,,,,,,,,,,,,,,,0,0,0,0,0,0,0,0,0,0,0,0,0,,,,0,0,0,,,0,0,0,0,0,,,,,,EA,,0,,0,0,Y,,,,,242,LB,N,,,,,,,,,N,,0,0,,,0,0,0,Y,O,Y,12/28/18,,,0,0,,,,,,,,,,,,,,,,,,,,,,N,,,,Y,N,,,Y,,,,,,,,1,,,,,Weblink,,,,,,,,,,,,,,,,,,N
1,,AL,64868-010,,,"W105FPTOC-4, 3PH, 120/208V GENER",,0,0,0,0,12000,,,,,,64868-010,,0,1,N,N,EA,EA,EA,1,1,12000,12000,,12000,12000,12000,12000,12000,45,30,8400,8400,8400,8400,8400,8400,,X,0,,0,,,,,,0,,12/28/18,12/28/18,,,,,,0,0,0,0,0,0,0,0,0,0,0,0,0,,,,,,,,,,,,,,,,,,,,0,0,0,0,0,0,0,0,0,0,0,0,0,,,,0,0,0,,,0,0,0,0,0,,,,,,EA,,0,,0,0,Y,,,,,1216,LB,N,,,,,,,,,N,,0,0,,,0,0,0,Y,O,Y,12/28/18,,,0,0,,,,,,,,,,,,,,,,,,,,,,N,,,,Y,N,,,Y,,,,,,,,1,,,,,Weblink,,,,,,,,,,,,,,,,,,N
1,,AL,64864-014,,,"W70PTOS-3, 120/240V GENERATOR",,0,0,0,0,7960,,,,,,64864-014,,0,1,N,N,EA,EA,EA,1,1,7960,7960,,7960,7960,7960,7960,7960,45,30,5572,5572,5572,5572,5572,5572,,X,0,,0,,,,,,0,,12/28/18,12/28/18,,,,,,0,0,0,0,0,0,0,0,0,0,0,0,0,,,,,,,,,,,,,,,,,,,,0,0,0,0,0,0,0,0,0,0,0,0,0,,,,0,0,0,,,0,0,0,0,0,,,,,,EA,,0,,0,0,Y,,,,,1066,LB,N,,,,,,,,,N,,0,0,,,0,0,0,Y,O,Y,12/28/18,,,0,0,,,,,,,,,,,,,,,,,,,,,,N,,,,Y,N,,,Y,,,,,,,,1,,,,,Weblink,,,,,,,,,,,,,,,,,,N
1,,AL,100297,,,MALE ASSY LOAD CONNECTOR 350A,,0,0,0,0,104,34,,,,,112400,,0,1,N,N,UN,UN,UN,1,1,104,104,,104,89,68,,,34.94,34.939,67.663,67.663,67.663,67.663,67.663,67.663,,X,0,,0,,,,,,0,10/29/16,,01/25/12,,,,,,0,0,0,0,0,0,0,0,0,0,0,0,0,,,,,,,,,,,,,,,,,,,,0,0,0,0,0,0,0,0,0,0,0,0,0,,,,0,1,0,,,0,0,0,0,0,,,,,,EA,,0,,0,0,Y,,,,1,,LB,N,,,,,,,,,N,,0,0,,,0,0,0,Y,O,Y,02/05/15,,,0,0,,,,,,,,,,,,,,,,,,,,,,N,,,,Y,N,,,Y,,,,,,,,1,,,,,Weblink,,,,,,,,,,,,,,,,,,N
1,,AL,KLM3-85-1000,,,"ALTERNATOR, KATOLIGHT",,0,0,0,0,10360,34,,,,,292800,,0,1,N,N,UN,UN,UN,1,1,10360,10360,,10360,7200,6085,,,41.36,41.359,6085,6085,6085,6075.2,6075.2,6075.2,,X,0,,0,,,,,,0,04/27/12,,12/09/08,,,,,,0,0,0,0,0,0,0,0,0,0,0,0,0,,,,,,,,,,,,,,,,,,,,0,0,0,0,0,0,0,0,0,0,0,0,0,,,,0,0,0,,,0,0,0,0,0,,,,,,EA,,0,,0,0,Y,,,,1,,LB,N,,,,,,,,,N,,0,0,,,0,0,0,Y,O,Y,,,,0,0,,,,,,,,,,,,,,,,,,,,,,N,,,,Y,N,,,Y,34,,,,,,,1,,,,,Weblink,,,,,,,,,,,,,,,,,,N
1,0NONE,AL,41811,,,DIODE,,0,0,0,0,112,34,,,,,402800,,0,1,N,N,UN,UN,UN,1,1,112,112,,112,95,75.67,,,32.44,32.44,75.667,75.667,75.667,75.667,75.667,75.667,,X,0,,0,,,,,,0,01/29/13,,04/15/05,12/19/18,,,,,0,0,0,0,0,0,0,0,0,0,0,0,0,,,,,,,,,,,,,,,,,,,,0,0,0,0,0,0,0,0,0,0,0,0,0,,,,0,0,0,,,0,0,0,0,0,,,,,,EA,,0,,0,0,Y,,,,1,,LB,N,,,,,,,,,N,,0,0,,,0,0,0,Y,O,Y,02/05/15,,,0,0,,,,,,,,,,,,,,,,,,,,,,N,,,,Y,N,,,Y,34,,,,,,,1,,,,,Weblink,,,,,,,,,,,,,,,,,,N
1,,AL,80543,,,"CAP, RAIN, VERTICAL/HORIZONTAL",,0,0,0,0,47.95,34,,,,,441900,,0,1,N,N,UN,UN,UN,1,1,47.95,47.95,,47.95,40.75,31.15,,,35.04,35.037,31.15,31.15,31.15,31.15,31.15,31.15,,X,0,,0,,,,,,0,,,12/08/09,,,,,,0,0,0,0,0,0,0,0,0,0,0,0,0,,,,,,,,,,,,,,,,,,,,0,0,0,0,0,0,0,0,0,0,0,0,0,,,,0,0,0,,,0,0,0,0,0,,,,,,EA,,0,,0,0,Y,,,,1,,LB,N,,,,,,,,,N,,0,0,,,0,0,0,Y,O,Y,,,,0,0,,,,,,,,,,,,,,,,,,,,,,N,,,,Y,N,,,Y,34,,,,,,,1,,,,,Weblink,,,,,,,,,,,,,,,,,,N
1,0NONE,AL,KLM1-40-1000,,,ALTERNATOR,,0,0,0,0,5970,34,,,,,442600,,0,1,N,N,UN,UN,UN,1,1,5970,5970,,5970,3680,3127.5,,,47.61,47.613,3127.5,3127.5,3127.5,3127.5,3127.5,3127.5,,X,0,,0,,,,,,0,,,11/22/05,12/19/18,,,,,0,0,0,0,0,0,0,0,0,0,0,0,0,,,,,,,,,,,,,,,,,,,,0,0,0,0,0,0,0,0,0,0,0,0,0,,,,0,0,0,,,0,0,0,0,0,,,,,,EA,,0,,0,0,Y,,,,1,,LB,N,,,,,,,,,N,,0,0,,,0,0,0,Y,O,Y,,,,0,0,,,,,,,,,,,,,,,,,,,,,,N,,,,Y,N,,,Y,34,,,,,,,1,,,,,Weblink,,,,,,,,,,,,,,,,,,N
1,0NONE,AL,77961,,,SENSOR WATER LEVEL,,0,0,0,0,85,34,,,,,538300,,0,1,N,N,UN,UN,UN,1,1,85,85,,85,65,55.26,,,34.99,34.988,55.26,55.26,55.26,55.26,55.26,55.26,,X,0,,0,,,,,,0,,,10/19/04,12/19/18,,,,,0,0,0,0,0,0,0,0,0,0,0,0,0,,,,,,,,,,,,,,,,,,,,0,0,0,0,0,0,0,0,0,0,0,0,0,,,,0,0,0,,,0,0,0,0,0,,,,,,EA,,0,,0,0,Y,,,,1,,LB,N,,,,,,,,,N,,0,0,,,0,0,0,Y,O,Y,,,,0,0,,,,,,,,,,,,,,,,,,,,,,N,,,,Y,N,,,Y,34,,,,,,,1,,,,,Weblink,,,,,,,,,,,,,,,,,,N
1,P3433,AL,175AMP,,,"PLUG, 175 AMP",,1,0,0,1,110,431,,,,,610700,,0,1,N,N,UN,UN,UN,1,1,110,110,,110,110,110,110,110,27.88,27.879,79.333,79.333,79.333,79.333,79.333,79.333,,X,0,,0,,,,,,0,,08/29/18,01/18/05,12/19/18,,,,,0,0,0,0,0,0,0,0,0,0,0,0,0,,,,,,,,,,,,,,,,,,,,0,0,0,0,0,0,0,0,0,0,0,0,0,,,,0,0,0,,,0,0,0,0,0,,,,,,EA,,0,,0,0,Y,,,,1,,LB,N,,,,,,,,,N,,0,0,,,0,0,0,Y,O,Y,02/05/15,,,0,0,,,,,,,,,,,,,,,,,,,,,,N,,,,Y,N,,,Y,431,,,,,,,1,,,,,Weblink,,,,,,,,,,,,,,,,,,N
1,0NONE,AL,KLM3-55-540,,,"ALTERNATOR, KATOLIGHT",,0,0,0,0,6875,34,,,,,611100,,0,1,N,N,UN,UN,UN,1,1,6875,6875,,6875,3665,3112.3,,,53.46,53.458,3112.3,3112.3,3112.3,3199.8,3199.8,3199.8,,X,0,,0,,,,,,0,,,01/04/05,12/19/18,,,,,0,0,0,0,0,0,0,0,0,0,0,0,0,,,,,,,,,,,,,,,,,,,,0,0,0,0,0,0,0,0,0,0,0,0,0,,,,0,0,0,,,0,0,0,0,0,,,,,,EA,,0,,0,0,Y,,,,1,,LB,N,,,,,,,,,N,,0,0,,,0,0,0,Y,O,Y,,,,0,0,,,,,,,,,,,,,,,,,,,,,,N,,,,Y,N,,,Y,34,,,,,,,1,,,,,Weblink,,,,,,,,,,,,,,,,,,N
1,,AL,64864-011,,,"W100FPTOS, 120/240V GENERATOR",,0,0,0,0,11860,,,,,,64864-011,,0,1,N,N,EA,EA,EA,1,1,11860,11860,,11860,11860,11860,11860,11860,45,30,8302,8302,8302,8302,8302,8302,,X,0,,0,,,,,,0,,12/28/18,12/28/18,,,,,,0,0,0,0,0,0,0,0,0,0,0,0,0,,,,,,,,,,,,,,,,,,,,0,0,0,0,0,0,0,0,0,0,0,0,0,,,,0,0,0,,,0,0,0,0,0,,,,,,EA,,0,,0,0,Y,,,,,1175,LB,N,,,,,,,,,N,,0,0,,,0,0,0,Y,O,Y,12/28/18,,,0,0,,,,,,,,,,,,,,,,,,,,,,N,,,,Y,N,,,Y,,,,,,,,1,,,,,Weblink,,,,,,,,,,,,,,,,,,N
1,34,AL,44816,,,"SHAFT, PTO, KATOLIGHT,",,-1,0,0,-1,645,34,,,,,643000,,0,1,N,N,UN,UN,UN,1,1,645,645,,645,645,645,645,645,52.72,52.721,375,375,375,304.95,304.95,304.95,,X,0,,0,,,,,,0,04/14/16,04/15/16,09/18/03,12/19/18,,,,,0,0,0,0,0,0,0,0,0,0,0,0,0,,,,,,,,,,,,,,,,,,,,0,0,0,0,0,0,0,0,0,0,0,0,0,,,,0,1,0,,,0,0,0,0,0,,,,,,UN,,0,,0,0,Y,,,,1,,LB,N,,,,,,,,,N,,0,0,,,0,0,0,Y,O,Y,,,,0,0,,,,,,,,,,,,,,,,,,,,,,N,,,,Y,N,,,Y,34,,,,,,,1,,,,,Weblink,,,,,,,,,,,,,,,,,,N
1,431,AL,5E350,,,"REGULATOR, VOLTAGE",,0,0,0,0,299,431,,,,,755600,,0,1,N,N,UN,UN,UN,1,1,299,299,,299,275,231.75,,,22.49,22.492,231.75,231.75,231.75,231.75,231.75,231.75,,X,0,,0,,,,,,0,,,08/14/03,12/19/18,,,,,0,0,0,0,0,0,0,0,0,0,0,0,0,,,,,,,,,,,,,,,,,,,,0,0,0,0,0,0,0,0,0,0,0,0,0,,,,0,0,0,,,0,0,0,0,0,,,,,,UN,,0,,0,0,Y,,,,1,,LB,N,,,,,,,,,N,,0,0,,,0,0,0,Y,O,Y,,,,0,0,,,,,,,,,,,,,,,,,,,,,,N,,,,Y,N,,,Y,431,,,,,,,1,,,,,Weblink,,,,,,,,,,,,,,,,,,N
1,34,AL,10-2207,,,SEE ITEM # 7-OCT,,0,0,0,0,,,,,,,792100,,0,1,N,N,EA,EA,EA,1,1,,,,,,,,,45,0,0.001,0.001,0.001,0.001,0.001,0.001,,X,0,,0,,,,,,0,,,08/24/01,12/19/18,,,,,0,0,0,0,0,0,0,0,0,0,0,0,0,,,,,,,,,,,,,,,,,,,,0,0,0,0,0,0,0,0,0,0,0,0,0,,,,0,0,0,,,0,0,0,0,0,,,,,,EA,,0,,0,0,Y,,,,1,,LB,N,,,,,,,,,N,,0,0,,,0,0,0,Y,O,Y,,,,0,0,,,,,,,,,,,,,,,,,,,,,,N,,,,Y,N,,,Y,,,,,,,,1,,,,,Weblink,,,,,,,,,,,,,,,,,,N
1,0NONE,AL,YD,,,"BOARD, REGULATOR",,0,0,0,0,325,,,,,,815400,,0,1,N,N,EA,EA,EA,1,1,325,325,,325,275,233.02,,,28.3,28.302,174.97,174.97,174.97,233.02,233.02,233.02,,X,0,,0,,,,,,0,,,06/06/01,12/19/18,,,,,0,0,0,0,0,0,0,0,0,0,0,0,0,,,,,,,,,,,,,,,,,,,,0,0,0,0,0,0,0,0,0,0,0,0,0,,,,0,0,0,,,0,0,0,0,0,,,,,,EA,,0,,0,0,Y,,,,1,,LB,N,,,,,,,,,N,,0,0,,,0,0,0,Y,O,Y,,,,0,0,,,,,,,,,,,,,,,,,,,,,,N,,,,Y,N,,,Y,,,,,,,,1,,,,,Weblink,,,,,,,,,,,,,,,,,,N
1,34,AL,KLM3-135-1000,,,ALTERNATOR,,0,0,0,0,11424,34,,,,,846000,,0,1,N,N,UN,UN,UN,1,1,11424,11424,,11424,9060,7700,,,32.6,32.598,7555,7555,7555,7700,7700,7700,,X,0,,0,,,,,,0,,,07/05/02,12/19/18,,,,,0,0,0,0,0,0,0,0,0,0,0,0,0,,,,,,,,,,,,,,,,,,,,0,0,0,0,0,0,0,0,0,0,0,0,0,,,,0,0,0,,,0,0,0,0,0,,,,,,UN,,0,,0,0,Y,,,,1,,LB,N,,,,,,,,,N,,0,0,,,0,0,0,Y,O,Y,,,,0,0,,,,,,,,,,,,,,,,,,,,,,N,,,,Y,N,,,Y,34,,,,,,,1,,,,,Weblink,,,,,,,,,,,,,,,,,,N
1,0NONE,AL,YDV,,,VOLTMETER,,0,0,0,0,126.7,,,,,,873500,,0,1,N,N,EA,EA,EA,1,1,126.7,126.7,,126.7,104.8,89.44,,,29.41,29.408,89.44,89.44,89.44,89.44,89.44,89.44,,X,0,,0,,,,,,0,,,06/06/01,12/19/18,,,,,0,0,0,0,0,0,0,0,0,0,0,0,0,,,,,,,,,,,,,,,,,,,,0,0,0,0,0,0,0,0,0,0,0,0,0,,,,0,0,0,,,0,0,0,0,0,,,,,,EA,,0,,0,0,Y,,,,1,,LB,N,,,,,,,,,N,,0,0,,,0,0,0,Y,O,Y,,,,0,0,,,,,,,,,,,,,,,,,,,,,,N,,,,Y,N,,,Y,,,,,,,,1,,,,,Weblink,,,,,,,,,,,,,,,,,,N
1,34,AL,KLM1-50-1000,,,"ALTERNATOR, 1000 RPM",,0,0,0,0,7276,34,,,,,1247400,,0,1,N,N,EA,EA,EA,1,1,7276,7276,,7276,5565,4729.55,,,35,34.998,3559.68,3559.68,3559.68,4729.55,4729.55,4729.55,,X,0,,0,,,,,,0,07/31/14,,06/06/01,12/19/18,,,,,0,0,0,0,0,0,0,0,0,0,0,0,0,,,,,,,,,,,,,,,,,,,,0,0,0,0,0,0,0,0,0,0,0,0,0,,,,0,0,0,,,0,0,0,0,0,,,,,,EA,,0,,0,0,Y,,,,1,,LB,N,,,,,,,,,N,,0,0,,,0,0,0,Y,O,Y,,,,0,0,,,,,,,,,,,,,,,,,,,,,,N,,,,Y,N,,,Y,,,,,,,,1,,,,,Weblink,,,,,,,,,,,,,,,,,,N
1,34,AL,KLM1-50-540,,,"ALTERNATOR, 540 RPM,",,0,0,0,0,6365,34,,,,,1269500,,0,1,N,N,EA,EA,EA,1,1,6365,6365,,6365,6365,6365,6365,6365,42.72,20.014,3795,3795,3795,5091.09,5091.09,5091.09,,X,0,,0,,,,,,0,03/26/21,02/09/17,06/06/01,12/19/18,,,,,0,0,0,0,0,0,0,0,0,0,0,0,0,,,,,,,,,,,,,,,,,,,,0,0,0,0,0,0,0,0,1,0,0,0,0,,,,0,2,0,,,1,6000,5091,5091,0,,,,,,EA,,0,,0,0,Y,8888,,,1,,LB,N,,,,,,,,,N,,0,0,,,0,0,0,Y,O,Y,,,,0,0,,,,,,,,,,,,,,,,,,,,,,N,,,,Y,N,,,Y,,,,,,,,1,,,,,Weblink,,,,,,,,,,,,,,,,,,N
1,0NONE,AL,GASKET,,,"GASKET, HERCULES VALVE",,0,0,0,0,23.1,,,,,,1287400,,0,1,N,N,EA,EA,EA,1,1,23.1,23.1,,23.1,17.65,15,,,35.06,35.065,15,15,15,15,15,15,,X,0,,0,,,,,,0,,,06/06/01,12/19/18,,,,,0,0,0,0,0,0,0,0,0,0,0,0,0,,,,,,,,,,,,,,,,,,,,0,0,0,0,0,0,0,0,0,0,0,0,0,,,,0,0,0,,,0,0,0,0,0,,,,,,EA,,0,,0,0,Y,,,,1,,LB,N,,,,,,,,,N,,0,0,,,0,0,0,Y,O,Y,,,,0,0,,,,,,,,,,,,,,,,,,,,,,N,,,,Y,N,,,Y,,,,,,,,1,,,,,Weblink,,,,,,,,,,,,,,,,,,N
1,0NONE,AL,KLM1-40-540,,,"ALTERNATOR, 540 RPM,",,0,0,0,0,4400,,,,,,1289300,,0,1,N,N,EA,EA,EA,1,1,4400,4400,,4400,4400,4400,4400,4400,41.33,20,3143,3143,3143,3520,3520,3520,,X,0,,0,,,,,,0,01/24/19,02/09/17,06/06/01,12/19/18,,,,,0,0,0,0,0,0,0,0,0,0,0,0,0,,,,,,,,,,,,,,,,,,,,0,0,0,0,0,0,0,0,0,0,0,0,0,,,,0,2,0,,,0,0,0,0,0,,,,,,EA,,0,,0,0,Y,6000,,,1,,LB,N,,,,,,,,,N,,0,0,,,0,0,0,Y,O,Y,,,,0,0,,,,,,,,,,,,,,,,,,,,,,N,,,,Y,N,,,Y,,,,,,,,1,,,,,Weblink,,,,,,,,,,,,,,,,,,N
1,0NONE,AL,KLM1-60-540,,,"ALTERNATOR, 540RPM",,0,0,0,0,9344,,,,,,1289500,,0,1,N,N,EA,EA,EA,1,1,9344,9344,,9344,9344,9344,9344,9344,41.74,41.736,4528.33,4528.33,4528.33,5444.165,5444.165,5444.165,,X,0,,0,,,,,,0,12/27/16,06/17/16,06/06/01,12/19/18,,,,,0,0,0,0,0,0,0,0,0,0,0,0,0,,,,,,,,,,,,,,,,,,,,0,0,0,0,0,0,0,0,0,0,0,0,0,,,,0,1,0,,,0,0,0,0,0,,,,,,EA,,0,,0,0,Y,,,,1,,LB,N,,,,,,,,,N,,0,0,,,0,0,0,Y,O,Y,,,,0,0,,,,,,,,,,,,,,,,,,,,,,N,,,,Y,N,,,Y,,,,,,,,1,,,,,Weblink,,,,,,,,,,,,,,,,,,N
1,34,AL,KLM1-60-1000,,,"ALTERNATOR, 1000RPM",,0,0,0,0,6930,34,,,,,1291600,,0,1,N,N,EA,EA,EA,1,1,6930,6930,,6930,6930,6930,6930,6930,40.85,20.012,4000,4000,4000,5543.18,5543.18,5543.18,,X,0,,0,,,,,,0,12/08/17,02/09/17,06/06/01,12/19/18,,,,,0,0,0,0,0,0,0,0,0,0,0,0,0,,,,,,,,,,,,,,,,,,,,0,0,0,0,0,0,0,0,0,0,0,0,0,,,,0,1,0,,,0,0,0,0,0,,,,,,EA,,0,,0,0,Y,9372,,,1,,LB,N,,,,,,,,,N,,0,0,,,0,0,0,Y,O,Y,,,,0,0,,,,,,,,,,,,,,,,,,,,,,N,,,,Y,N,,,Y,,,,,,,,1,,,,,Weblink,,,,,,,,,,,,,,,,,,N
1,0NONE,AL,KLM3-45-540,,,"ALTERNATOR, KATOLIGHT,",,0,0,0,0,6470,,,,,,1296000,,0,1,N,N,EA,EA,EA,1,1,6470,6470,,6470,4192,3589,,,44.53,44.529,3589,3589,3589,3589,3589,3589,,X,0,,0,,,,,,0,,,06/06/01,12/19/18,,,,,0,0,0,0,0,0,0,0,0,0,0,0,0,,,,,,,,,,,,,,,,,,,,0,0,0,0,0,0,0,0,0,0,0,0,0,,,,0,0,0,,,0,0,0,0,0,,,,,,EA,,0,,0,0,Y,,,,1,,LB,N,,,,,,,,,N,,0,0,,,0,0,0,Y,O,Y,,,,0,0,,,,,,,,,,,,,,,,,,,,,,N,,,,Y,N,,,Y,,,,,,,,1,,,,,Weblink,,,,,,,,,,,,,,,,,,N
1,34,AL,KLS1-25-540,,,"ALTERNATOR, 540 RPM",,0,0,0,0,4480,34,,,,,1302300,,0,1,N,N,EA,EA,EA,1,1,4480,4480,,4480,3101,2658,,,48.15,48.147,2323,2323,2323,2323,2323,2323,,X,0,,0,,,,,,0,,,06/06/01,12/19/18,,,,,0,0,0,0,0,0,0,0,0,0,0,0,0,,,,,,,,,,,,,,,,,,,,0,0,0,0,0,0,0,0,0,0,0,0,0,,,,0,0,0,,,0,0,0,0,0,,,,,,EA,,0,,0,0,Y,,,,1,,LB,N,,,,,,,,,N,,0,0,,,0,0,0,Y,O,Y,,,,0,0,,,,,,,,,,,,,,,,,,,,,,N,,,,Y,N,,,Y,,,,,,,,1,,,,,Weblink,,,,,,,,,,,,,,,,,,N
1,0NONE,AL,KLM1-100-1000,,,"ALTERNATOR, 1000RPM",,0,0,0,0,12015,,,,,,1326400,,0,1,N,N,EA,EA,EA,1,1,12015,12015,,12015,12015,12015,12015,12015,42.07,42.075,5593,5593,5593,6959.69,6959.69,6959.69,,X,0,,0,,,,,,0,04/14/16,04/05/16,06/06/01,12/19/18,,,,,0,0,0,0,0,0,0,0,0,0,0,0,0,,,,,,,,,,,,,,,,,,,,0,0,0,0,0,0,0,0,0,0,0,0,0,,,,0,1,0,,,0,0,0,0,0,,,,,,EA,,0,,0,0,Y,,,,1,,LB,N,,,,,,,,,N,,0,0,,,0,0,0,Y,O,Y,,,,0,0,,,,,,,,,,,,,,,,,,,,,,N,,,,Y,N,,,Y,,,,,,,,1,,,,,Weblink,,,,,,,,,,,,,,,,,,N
1,0NONE,AL,G6FGB3PO,,,"ALTERNATOR, PORTABLE",,0,0,0,0,1550,,,,,,1338300,,0,1,N,N,EA,EA,EA,1,1,1550,1550,,1550,,,,,0,100,930,930,930,0.001,0.001,0.001,,X,0,,0,,,,,,0,,,06/06/01,12/19/18,,,,,0,0,0,0,0,0,0,0,0,0,0,0,0,,,,,,,,,,,,,,,,,,,,0,0,0,0,0,0,0,0,0,0,0,0,0,,,,0,0,0,,,0,0,0,0,0,,,,,,EA,,0,,0,0,Y,,,,1,,LB,N,,,,,,,,,N,,0,0,,,0,0,0,Y,O,Y,,,,0,0,,,,,,,,,,,,,,,,,,,,,,N,,,,Y,N,,,Y,,,,,,,,1,,,,,Weblink,,,,,,,,,,,,,,,,,,N
1,0NONE,AL,KLM1-25-540,,,ALTERNATOR,,0,0,0,0,3610,,,,,,1348400,,0,1,N,N,EA,EA,EA,1,1,3610,3610,,3610,3610,3610,3610,3610,41.17,20.044,2573,2573,2573,2886.42,2886.42,2886.42,,X,0,,0,,,,,,0,01/18/19,02/09/17,06/06/01,12/19/18,,,,,0,0,0,0,0,0,0,0,0,0,0,0,0,,,,,,,,,,,,,,,,,,,,0,0,0,0,0,0,0,0,0,0,0,0,0,,,,0,2,0,,,0,0,0,0,0,,,,,,EA,,0,,0,0,Y,4906,,,1,,LB,N,,,,,,,,,N,,0,0,,,0,0,0,Y,O,Y,,,,0,0,,,,,,,,,,,,,,,,,,,,,,N,,,,Y,N,,,Y,,,,,,,,1,,,,,Weblink,,,,,,,,,,,,,,,,,,N
1,34,AL,KLM1-75-1000,,,"ALTERNATOR, 1000 RPM",,0,0,0,0,7630,34,,,,,1356800,,0,1,N,N,EA,EA,EA,1,1,7630,7630,,7630,7630,7630,7630,7630,41.06,20.007,4595.83,4595.83,4595.83,6103.49,6103.49,6103.49,,X,0,,0,,,,,,0,07/31/19,02/09/17,06/06/01,12/19/18,,,,,0,0,0,0,0,0,0,0,0,0,0,0,0,,,,,,,,,,,,,,,,,,,,0,0,0,0,0,0,0,0,0,0,0,0,0,,,,0,3,0,,,0,0,0,0,0,,,,,,EA,,0,,0,0,Y,10355,,,1,,LB,N,,,,,,,,,N,,0,0,,,0,0,0,Y,O,Y,,,,0,0,,,,,,,,,,,,,,,,,,,,,,N,,,,Y,N,,,Y,,,,,,,,1,,,,,Weblink,,,,,,,,,,,,,,,,,,N
1,,AL,792313,,,TRANSFER SWITCH,,0,0,0,0,7270,34,,,,,1463500,,0,1,N,N,UN,UN,UN,1,1,7270,7270,,7270,6200,5088,,,30.01,30.014,5088,5088,5088,5088,5088,5088,,X,0,,0,,,,,,0,,,11/12/08,,,,,,0,0,0,0,0,0,0,0,0,0,0,0,0,,,,,,,,,,,,,,,,,,,,0,0,0,0,0,0,0,0,0,0,0,0,0,,,,0,0,0,,,0,0,0,0,0,,,,,,EA,,0,,0,0,Y,,,,1,,LB,N,,,,,,,,,N,,0,0,,,0,0,0,Y,O,Y,,,,0,0,,,,,,,,,,,,,,,,,,,,,,N,,,,Y,N,,,Y,34,,,,,,,1,,,,,Weblink,,,,,,,,,,,,,,,,,,N
1,,AL,91444,,,GENERATOR,,0,0,0,0,2200,34,,,,,1483200,,0,1,N,N,UN,UN,UN,1,1,2200,2200,,2200,1795,1518.75,,,30.97,30.966,1518.75,1518.75,1518.75,1518.75,1518.75,1518.75,,X,0,,0,,,,,,0,,,06/30/08,,,,,,0,0,0,0,0,0,0,0,0,0,0,0,0,,,,,,,,,,,,,,,,,,,,0,0,0,0,0,0,0,0,0,0,0,0,0,,,,0,0,0,,,0,0,0,0,0,,,,,,EA,,0,,0,0,Y,,,,1,,LB,N,,,,,,,,,N,,0,0,,,0,0,0,Y,O,Y,,,,0,0,,,,,,,,,,,,,,,,,,,,,,N,,,,Y,N,,,Y,34,,,,,,,1,,,,,Weblink,,,,,,,,,,,,,,,,,,N
1,P3427,AL,RP100GWT,,,TRANSFORMER AND POWER SUPPLY,,3,0,0,3,52,28,,,,,1494900,,0,1,N,N,UN,UN,UN,1,1,52,52,,52,40,34,,,34.62,34.615,34,34,34,34,34,34,,X,0,,0,,,,,,0,04/03/12,,01/27/09,12/19/18,,,,,0,0,0,0,0,0,0,0,0,0,0,0,0,,,,,,,,,,,,,,,,,,,,0,0,0,0,0,0,0,0,0,0,0,0,0,,,,0,0,0,,,0,0,0,0,0,,,,,,EA,,0,,0,0,Y,,,,1,,LB,N,,,,,,,,,N,,0,0,,,0,0,0,Y,O,Y,,,,0,0,,,,,,,,,,,,,,,,,,,,,,N,,,,Y,N,,,Y,28,,,,,,2,1,,,,,Weblink,,,,,,,,,,,,,,,,,,N
1,34,AL,32365,,,BREAKER,,0,0,0,0,719.99,34,,,,,1544900,,0,1,N,N,UN,UN,UN,1,1,719.99,719.99,,719.99,508.22,431.99,,,40,40.001,351,351,351,431.99,431.99,431.99,,X,0,,0,,,,,,0,,,11/29/04,12/19/18,,,,,0,0,0,0,0,0,0,0,0,0,0,0,0,,,,,,,,,,,,,,,,,,,,0,0,0,0,0,0,0,0,0,0,0,0,0,,,,0,0,0,,,0,0,0,0,0,,,,,,EA,,0,,0,0,Y,,,,1,,LB,N,,,,,,,,,N,,0,0,,,0,0,0,Y,O,Y,,,,0,0,,,,,,,,,,,,,,,,,,,,,,N,,,,Y,N,,,Y,34,,,,,,,1,,,,,Weblink,,,,,,,,,,,,,,,,,,N
1,34,AL,44993,,,"BREAKER, CIRCUIT, 175A",,0,0,0,0,85,34,,,,,1573300,,0,1,N,N,UN,UN,UN,1,1,85,85,,85,69.15,58.78,,,30.85,30.847,58.78,58.78,58.78,58.78,58.78,58.78,,X,0,,0,,,,,,0,,,08/07/03,12/19/18,,,,,0,0,0,0,0,0,0,0,0,0,0,0,0,,,,,,,,,,,,,,,,,,,,0,0,0,0,0,0,0,0,0,0,0,0,0,,,,0,0,0,,,0,0,0,0,0,,,,,,UN,,0,,0,0,Y,,,,1,,LB,N,,,,,,,,,N,,0,0,,,0,0,0,Y,O,Y,,,,0,0,,,,,,,,,,,,,,,,,,,,,,N,,,,Y,N,,,Y,34,,,,,,,1,,,,,Weblink,,,,,,,,,,,,,,,,,,N
1,0NONE,AL,ON996,,,"PLUG, ALTERNATOR",,0,0,0,0,113.95,,,,,,1768800,,0,1,N,N,EA,EA,EA,1,1,113.95,113.95,,113.95,94.5,80.5,,,29.35,29.355,80.5,80.5,80.5,80.5,80.5,80.5,,X,0,,0,,,,,,0,,,06/06/01,12/19/18,,,,,0,0,0,0,0,0,0,0,0,0,0,0,0,,,,,,,,,,,,,,,,,,,,0,0,0,0,0,0,0,0,0,0,0,0,0,,,,0,0,0,,,0,0,0,0,0,,,,,,EA,,0,,0,0,Y,,,,1,,LB,N,,,,,,,,,N,,0,0,,,0,0,0,Y,O,Y,02/05/15,,,0,0,,,,,,,,,,,,,,,,,,,,,,N,,,,Y,N,,,Y,,,,,,,,1,,,,,Weblink,,,,,,,,,,,,,,,,,,N
1,0NONE,AL,KLM3-45-1000,,,"ALTERNATOR, 1000 RPM",,0,0,0,0,6440,,,,,,1826700,,0,1,N,N,EA,EA,EA,1,1,6440,6440,,6440,3898.85,3330.6,,,48.28,48.283,3330.6,3330.6,3330.6,3330.6,3330.6,3330.6,,X,0,,0,,,,,,0,,,06/06/01,12/19/18,,,,,0,0,0,0,0,0,0,0,0,0,0,0,0,,,,,,,,,,,,,,,,,,,,0,0,0,0,0,0,0,0,0,0,0,0,0,,,,0,0,0,,,0,0,0,0,0,,,,,,EA,,0,,0,0,Y,,,,1,,LB,N,,,,,,,,,N,,0,0,,,0,0,0,Y,O,Y,,,,0,0,,,,,,,,,,,,,,,,,,,,,,N,,,,Y,N,,,Y,,,,,,,,1,,,,,Weblink,,,,,,,,,,,,,,,,,,N
1,0NONE,AL,KLM3-105-1000,,,"ALTERNATOR, 3PHASE,",,0,0,0,0,12618,,,,,,1828300,,0,1,N,N,EA,EA,EA,1,1,12618,12618,,12618,12618,12618,12618,12618,41.41,41.406,5569,5569,5569,7393.4,7393.4,7393.4,,X,0,,0,,,,,,0,03/21/18,02/19/18,06/06/01,12/19/18,,,,,0,0,0,0,0,0,0,0,0,0,0,0,0,,,,,,,,,,,,,,,,,,,,0,0,0,0,0,0,0,0,0,0,0,0,0,,,,0,1,0,,,0,0,0,0,0,,,,,,EA,,0,,0,0,Y,,,,1,,LB,N,,,,,,,,,N,,0,0,,,0,0,0,Y,O,Y,,,,0,0,,,,,,,,,,,,,,,,,,,,,,N,,,,Y,N,,,Y,,,,,,,,1,,,,,Weblink,,,,,,,,,,,,,,,,,,N
1,34,AL,KLM1-40,,,"ALTERNATOR, STANDARD",,0,0,0,0,5485,34,,,,,1833900,,0,1,N,N,EA,EA,EA,1,1,5485,5485,,5485,3511,3003,,,42.97,42.972,3003,3003,3003,3128,3128,3128,,X,0,,0,,,,,,0,,,06/06/01,12/19/18,,,,,0,0,0,0,0,0,0,0,0,0,0,0,0,,,,,,,,,,,,,,,,,,,,0,0,0,0,0,0,0,0,0,0,0,0,0,,,,0,0,0,,,0,0,0,0,0,,,,,,EA,,0,,0,0,Y,,,,1,,LB,N,,,,,,,,,N,,0,0,,,0,0,0,Y,O,Y,,,,0,0,,,,,,,,,,,,,,,,,,,,,,N,,,,Y,N,,,Y,,,,,,,,1,,,,,Weblink,,,,,,,,,,,,,,,,,,N
1,,AL,64863-005,,,100 AMP 240 2-POLE TRANSFER SWIT,,0,0,0,0,510,,,,,,64863-005,,0,1,N,N,EA,EA,EA,1,1,510,510,,510,510,510,510,510,45,30,357,357,357,357,357,357,,X,0,,0,,,,,,0,,12/28/18,12/28/18,,,,,,0,0,0,0,0,0,0,0,0,0,0,0,0,,,,,,,,,,,,,,,,,,,,0,0,0,0,0,0,0,0,0,0,0,0,0,,,,0,0,0,,,0,0,0,0,0,,,,,,EA,,0,,0,0,Y,,,,,36,LB,N,,,,,,,,,N,,0,0,,,0,0,0,Y,O,Y,12/28/18,,,0,0,,,,,,,,,,,,,,,,,,,,,,N,,,,Y,N,,,Y,,,,,,,,1,,,,,Weblink,,,,,,,,,,,,,,,,,,N
1,,AL,61211-040,,,"50PTOC-3, 120/240V GENERATOR",,0,0,0,0,5250,,,,,,61211-040,,0,1,N,N,EA,EA,EA,1,1,5250,5250,,5250,5250,5250,5250,5250,45,30,3675,3675,3675,3675,3675,3675,,X,0,,0,,,,,,0,,12/28/18,12/28/18,,,,,,0,0,0,0,0,0,0,0,0,0,0,0,0,,,,,,,,,,,,,,,,,,,,0,0,0,0,0,0,0,0,0,0,0,0,0,,,,0,0,0,,,0,0,0,0,0,,,,,,EA,,0,,0,0,Y,,,,,620,LB,N,,,,,,,,,N,,0,0,,,0,0,0,Y,O,Y,12/28/18,,,0,0,,,,,,,,,,,,,,,,,,,,,,N,,,,Y,N,,,Y,,,,,,,,1,,,,,Weblink,,,,,,,,,,,,,,,,,,N
1,0NONE,AL,800520,,,"GENERATOR, KATOLIGHT",,0,0,0,0,15135,34,,,,,2214000,,0,1,N,N,UN,UN,UN,1,1,15135,15135,,15135,13355,11350,,,25.01,25.008,11350,11350,11350,11350,11350,11350,,X,0,,0,,,,,,0,,,11/20/03,12/19/18,,,,,0,0,0,0,0,0,0,0,0,0,0,0,0,,,,,,,,,,,,,,,,,,,,0,0,0,0,0,0,0,0,0,0,0,0,0,,,,0,0,0,,,0,0,0,0,0,,,,,,UN,,0,,0,0,Y,,,,1,,LB,N,,,,,,,,,N,,0,0,,,0,0,0,Y,O,Y,,,,0,0,,,,,,,,,,,,,,,,,,,,,,N,,,,Y,N,,,Y,34,,,,,,,1,,,,,Weblink,,,,,,,,,,,,,,,,,,N
1,,AL,61211-038,,,"35PTOC-3, 120/240V GENERATOR",,0,0,0,0,4850,,,,,,61211-038,,0,1,N,N,EA,EA,EA,1,1,4850,4850,,4850,4850,4850,4850,4850,45,30,3395,3395,3395,3395,3395,3395,,X,0,,0,,,,,,0,,12/28/18,12/28/18,,,,,,0,0,0,0,0,0,0,0,0,0,0,0,0,,,,,,,,,,,,,,,,,,,,0,0,0,0,0,0,0,0,0,0,0,0,0,,,,0,0,0,,,0,0,0,0,0,,,,,,EA,,0,,0,0,Y,,,,,534,LB,N,,,,,,,,,N,,0,0,,,0,0,0,Y,O,Y,12/28/18,,,0,0,,,,,,,,,,,,,,,,,,,,,,N,,,,Y,N,,,Y,,,,,,,,1,,,,,Weblink,,,,,,,,,,,,,,,,,,N
1,P3433,AL,358-0069,,,DIODE,,2,0,0,2,63.85,,,,,,2299500,,0,1,N,N,EA,EA,EA,1,1,63.85,63.85,,63.85,49.35,42.21,,,33.89,33.892,42.21,42.21,42.21,42.21,42.21,42.21,,X,0,,0,,,,,,0,,,06/05/01,12/19/18,,,,,0,0,0,0,0,0,0,0,0,0,0,0,0,,,,,,,,,,,,,,,,,,,,0,0,0,0,0,0,0,0,0,0,0,0,0,,,,0,0,0,,,0,0,0,0,0,,,,,,EA,,0,,0,0,Y,,,,1,,LB,N,,,,,,,,,N,,0,0,,,0,0,0,Y,O,Y,02/05/15,,,0,0,,,,,,,,,,,,,,,,,,,,,,N,,,,Y,N,,,Y,,,,,,,1,1,,,,,Weblink,,,,,,,,,,,,,,,,,,N
1,,AL,64868-013,,,"W145FPTOC-4, 3PH, 120/208V GENER",,0,0,0,0,13910,,,,,,64868-013,,0,1,N,N,EA,EA,EA,1,1,13910,13910,,13910,13910,13910,13910,13910,45,30,9737,9737,9737,9737,9737,9737,,X,0,,0,,,,,,0,,12/28/18,12/28/18,,,,,,0,0,0,0,0,0,0,0,0,0,0,0,0,,,,,,,,,,,,,,,,,,,,0,0,0,0,0,0,0,0,0,0,0,0,0,,,,0,0,0,,,0,0,0,0,0,,,,,,EA,,0,,0,0,Y,,,,,1504,LB,N,,,,,,,,,N,,0,0,,,0,0,0,Y,O,Y,12/28/18,,,0,0,,,,,,,,,,,,,,,,,,,,,,N,,,,Y,N,,,Y,,,,,,,,1,,,,,Weblink,,,,,,,,,,,,,,,,,,N
1,0NONE,AL,KLM1-55-1000,,,"ALTERNATOR, 55KW, 1000W",,0,0,0,0,5460,34,,,,,2346000,,0,1,N,N,UN,UN,UN,1,1,5460,5460,,5460,3680,3127.5,,,42.72,42.72,0.001,0.001,0.001,3127.5,3127.5,3127.5,,X,0,,0,,,,,,0,,,02/18/05,12/19/18,,,,,0,0,0,0,0,0,0,0,0,0,0,0,0,,,,,,,,,,,,,,,,,,,,0,0,0,0,0,0,0,0,0,0,0,0,0,,,,0,0,0,,,0,0,0,0,0,,,,,,EA,,0,,0,0,Y,,,,1,,LB,N,,,,,,,,,N,,0,0,,,0,0,0,Y,O,Y,,,,0,0,,,,,,,,,,,,,,,,,,,,,,N,,,,Y,N,,,Y,34,,,,,,,1,,,,,Weblink,,,,,,,,,,,,,,,,,,N
1,34,AL,2612K,,,FAN,,0,0,0,0,47.3,34,,,,,2360200,,0,1,N,N,UN,UN,UN,1,1,47.3,47.3,,47.3,38.6,32.75,,,30.76,30.761,32.75,32.75,32.75,32.75,32.75,32.75,,X,0,,0,,,,,,0,,,02/08/05,12/19/18,,,,,0,0,0,0,0,0,0,0,0,0,0,0,0,,,,,,,,,,,,,,,,,,,,0,0,0,0,0,0,0,0,0,0,0,0,0,,,,0,0,0,,,0,0,0,0,0,,,,,,EA,,0,,0,0,Y,,,,1,,LB,N,,,,,,,,,N,,0,0,,,0,0,0,Y,O,Y,,,,0,0,,,,,,,,,,,,,,,,,,,,,,N,,,,Y,N,,,Y,34,,,,,,,1,,,,,Weblink,,,,,,,,,,,,,,,,,,N
1,0NONE,AL,47914,,,"PAINT, KATOLIGHT GOLD",,0,0,0,0,11.25,,,,,,2437000,,0,1,N,N,EA,EA,EA,1,1,11.25,11.25,,11.25,8.6,7.31,,,35.02,35.022,7.31,7.31,7.31,7.31,7.31,7.31,,X,0,,0,,,,,,0,,,06/05/01,12/19/18,,,,,0,0,0,0,0,0,0,0,0,0,0,0,0,,,,,,,,,,,,,,,,,,,,0,0,0,0,0,0,0,0,0,0,0,0,0,,,,0,0,0,,,0,0,0,0,0,,,,,,EA,,0,,0,0,Y,,,,1,,LB,N,,,,,,,,,N,,0,0,,,0,0,0,Y,O,Y,,,,0,0,,,,,,,,,,,,,,,,,,,,,,N,,,,Y,N,,,Y,,,,,,,,1,,,,,Weblink,,,,,,,,,,,,,,,,,,N
1,P3437,AL,100294,,,"FEM. CONNECTOR, LOAD, ASSY, 350A",,0,0,0,0,90,34,,,,,2562700,,0,1,N,N,EA,EA,EA,1,1,90,90,,90,90,90,90,90,67.84,67.844,28.94,28.94,28.94,28.94,28.94,28.94,,B,0,180,2,122.12,,0.678,,,0,01/31/22,03/10/22,06/05/01,12/27/21,,,,,0,0,0,0,0,0,0,0,0,0,0,2,0,,,,,,,,,,,,,,,,,,,,0,0,0,0,0,0,0,0,0,0,0,0,0,,,,0,3,1,57.88,57.88,0,0,0,0,0,,,,,,EA,,0,,0,0,Y,,,,1,,LB,N,,,,,,,,,N,,0,0,,,0,0,0,Y,O,Y,02/05/15,,,2,0,,,,,,,,,,,,,,,,,,,,,,N,,,,Y,N,,,Y,,,,,,,,1,,,,,Weblink,,,,,,,,,,,,,,,,,,N
1,,AL,61155-012,,,"25PTOC-3, 120/240V GENERATOR",,0,0,0,0,3100,,,,,,61155-012,,0,1,N,N,EA,EA,EA,1,1,3100,3100,,3100,3100,3100,3100,3100,45,30,2170,2170,2170,2170,2170,2170,,X,0,,0,,,,,,0,,12/28/18,12/28/18,,,,,,0,0,0,0,0,0,0,0,0,0,0,0,0,,,,,,,,,,,,,,,,,,,,0,0,0,0,0,0,0,0,0,0,0,0,0,,,,0,0,0,,,0,0,0,0,0,,,,,,EA,,0,,0,0,Y,,,,,330,LB,N,,,,,,,,,N,,0,0,,,0,0,0,Y,O,Y,12/28/18,,,0,0,,,,,,,,,,,,,,,,,,,,,,N,,,,Y,N,,,Y,,,,,,,,1,,,,,Weblink,,,,,,,,,,,,,,,,,,N
1,0NONE,AL,44002,,,"CONNECTOR, LOAD, 350AMP,",,0,0,0,0,14.75,,,,,,2699100,,0,1,N,N,EA,EA,EA,1,1,14.75,14.75,,14.75,11.3,9.6,,,34.92,34.915,9.6,9.6,9.6,9.6,9.6,9.6,,X,0,,0,,,,,,0,,,06/05/01,12/19/18,,,,,0,0,0,0,0,0,0,0,0,0,0,0,0,,,,,,,,,,,,,,,,,,,,0,0,0,0,0,0,0,0,0,0,0,0,0,,,,0,0,0,,,0,0,0,0,0,,,,,,EA,,0,,0,0,Y,,,,1,,LB,N,,,,,,,,,N,,0,0,,,0,0,0,Y,O,Y,,,,0,0,,,,,,,,,,,,,,,,,,,,,,N,,,,Y,N,,,Y,,,,,,,,1,,,,,Weblink,,,,,,,,,,,,,,,,,,N
1,0NONE,AL,48413,,,BRUSH,,0,0,0,0,11.25,,,,,,2746200,,0,1,N,N,EA,EA,EA,1,1,11.25,11.25,,11.25,8.6,7.3,,,35.11,35.111,7.3,7.3,7.3,7.3,7.3,7.3,,X,0,,0,,,,,,0,,,06/05/01,12/19/18,,,,,0,0,0,0,0,0,0,0,0,0,0,0,0,,,,,,,,,,,,,,,,,,,,0,0,0,0,0,0,0,0,0,0,0,0,0,,,,0,0,0,,,0,0,0,0,0,,,,,,EA,,0,,0,0,Y,,,,1,,LB,N,,,,,,,,,N,,0,0,,,0,0,0,Y,O,Y,,,,0,0,,,,,,,,,,,,,,,,,,,,,,N,,,,Y,N,,,Y,,,,,,,,1,,,,,Weblink,,,,,,,,,,,,,,,,,,N
1,0NONE,AL,46013,,,"VALVE, SOLENOID, 12V 3/4""",,0,0,0,0,81.35,,,,,,2758900,,0,1,N,N,EA,EA,EA,1,1,81.35,81.35,,81.35,62.2,52.87,,,35.01,35.009,52.87,52.87,52.87,52.87,52.87,52.87,,X,0,,0,,,,,,0,,,06/05/01,12/19/18,,,,,0,0,0,0,0,0,0,0,0,0,0,0,0,,,,,,,,,,,,,,,,,,,,0,0,0,0,0,0,0,0,0,0,0,0,0,,,,0,0,0,,,0,0,0,0,0,,,,,,EA,,0,,0,0,Y,,,,1,,LB,N,,,,,,,,,N,,0,0,,,0,0,0,Y,O,Y,,,,0,0,,,,,,,,,,,,,,,,,,,,,,N,,,,Y,N,,,Y,,,,,,,,1,,,,,Weblink,,,,,,,,,,,,,,,,,,N
1,34,AL,46800,,,"TRAILER, ALTERNATOR",,0,0,0,0,805,34,,,,,2766000,,0,1,N,N,EA,EA,EA,1,1,805,805,,805,575,487.5,,,43,43,341.13,341.13,341.13,458.85,458.85,458.85,,X,0,,0,,,,,,0,07/02/12,,06/05/01,12/19/18,,,,,0,0,0,0,0,0,0,0,0,0,0,0,0,,,,,,,,,,,,,,,,,,,,0,0,0,0,0,0,0,0,0,0,0,0,0,,,,0,0,0,,,0,0,0,0,0,,,,,,EA,,0,,0,0,Y,,,,1,,LB,N,,,,,,,,,N,,0,0,,,0,0,0,Y,O,Y,,,,0,0,,,,,,,,,,,,,,,,,,,,,,N,,,,Y,N,,,Y,,,,,,,,1,,,,,Weblink,,,,,,,,,,,,,,,,,,N
1,0NONE,AL,49712,,,"SWITCH, TRANSFER",,0,0,0,0,2878.35,,,,,,2766700,,0,1,N,N,EA,EA,EA,1,1,2878.35,2878.35,,2878.35,2031.75,1727,,,40,40,1727,1727,1727,1727,1727,1727,,X,0,,0,,,,,,0,,,06/05/01,12/19/18,,,,,0,0,0,0,0,0,0,0,0,0,0,0,0,,,,,,,,,,,,,,,,,,,,0,0,0,0,0,0,0,0,0,0,0,0,0,,,,0,0,0,,,0,0,0,0,0,,,,,,EA,,0,,0,0,Y,,,,1,,LB,N,,,,,,,,,N,,0,0,,,0,0,0,Y,O,Y,,,,0,0,,,,,,,,,,,,,,,,,,,,,,N,,,,Y,N,,,Y,,,,,,,,1,,,,,Weblink,,,,,,,,,,,,,,,,,,N
1,0NONE,AL,65009,,,"VALVE, CHECK, 1/2""",,0,0,0,0,29.95,34,,,,,2871900,,0,1,N,N,UN,UN,UN,1,1,29.95,29.95,,29.95,25,20.98,,,29.95,29.95,20.98,20.98,20.98,20.98,20.98,20.98,,X,0,,0,,,,,,0,,,06/16/04,12/19/18,,,,,0,0,0,0,0,0,0,0,0,0,0,0,0,,,,,,,,,,,,,,,,,,,,0,0,0,0,0,0,0,0,0,0,0,0,0,,,,0,0,0,,,0,0,0,0,0,,,,,,EA,,0,,0,0,Y,,,,1,,LB,N,,,,,,,,,N,,0,0,,,0,0,0,Y,O,Y,,,,0,0,,,,,,,,,,,,,,,,,,,,,,N,,,,Y,N,,,Y,34,,,,,,,1,,,,,Weblink,,,,,,,,,,,,,,,,,,N
1,0NONE,AL,44995,,,"BREAKER, CIRCUIT, 225A, 240V",,0,0,0,0,89.95,34,,,,,2892400,,0,1,N,N,UN,UN,UN,1,1,89.95,89.95,,89.95,75.1,64.69,,,28.08,28.082,64.69,64.69,64.69,64.69,64.69,64.69,,X,0,,0,,,,,,0,,,06/03/04,12/19/18,,,,,0,0,0,0,0,0,0,0,0,0,0,0,0,,,,,,,,,,,,,,,,,,,,0,0,0,0,0,0,0,0,0,0,0,0,0,,,,0,0,0,,,0,0,0,0,0,,,,,,EA,,0,,0,0,Y,,,,1,,LB,N,,,,,,,,,N,,0,0,,,0,0,0,Y,O,Y,02/05/15,,,0,0,,,,,,,,,,,,,,,,,,,,,,N,,,,Y,N,,,Y,34,,,,,,,1,,,,,Weblink,,,,,,,,,,,,,,,,,,N
1,0NONE,AL,*KATOLIGHT,,,KATOLIGHT PARTS,,0,0,0,0,,,,,,,3017200,,0,0,N,N,EA,EA,EA,1,1,,,,,,,,,45,0,0.001,0.001,0.001,0.001,0.001,0.001,,,0,,0,,,,,,0,,,06/05/01,,,,,,0,0,0,0,0,0,0,0,0,0,0,0,0,,,,,,,,,,,,,,,,,,,,0,0,0,0,0,0,0,0,0,0,0,0,0,,,,0,0,0,,,0,0,0,0,0,0,,,,0,EA,,0,,0,0,Y,,,,1,,LB,N,,,,,,,,,N,,0,0,,,0,0,0,Y,O,Y,,,,0,0,,,,,,,,,,,,,,,,,,,,,,N,,,,Y,N,,,Y,,,,,,,,1,,,,,Weblink,,,,,,,,,,,,,,,,,,N
1,,AL,64863-009,,,100 AMP 208/240 2-POLE TRANSFER,,0,0,0,0,1040,,,,,,64863-009,,0,1,N,N,EA,EA,EA,1,1,1040,1040,,1040,1040,1040,1040,1040,45,30,728,728,728,728,728,728,,X,0,,0,,,,,,0,,12/28/18,12/28/18,,,,,,0,0,0,0,0,0,0,0,0,0,0,0,0,,,,,,,,,,,,,,,,,,,,0,0,0,0,0,0,0,0,0,0,0,0,0,,,,0,0,0,,,0,0,0,0,0,,,,,,EA,,0,,0,0,Y,,,,,40,LB,N,,,,,,,,,N,,0,0,,,0,0,0,Y,O,Y,12/28/18,,,0,0,,,,,,,,,,,,,,,,,,,,,,N,,,,Y,N,,,Y,,,,,,,,1,,,,,Weblink,,,,,,,,,,,,,,,,,,N
1,P3435,AL,69569,,,"BREAKER, CIRCUIT, 100A",,1,0,0,1,53.75,34,,,,,3078800,,0,1,N,N,UN,UN,UN,1,1,53.75,53.75,,53.75,45.7,34.94,,,35,34.995,34.94,34.94,34.94,34.94,34.94,34.94,,X,0,,0,,,,,,0,08/28/17,,07/28/04,12/19/18,,,,,0,0,0,0,0,0,0,0,0,0,0,0,0,,,,,,,,,,,,,,,,,,,,0,0,0,0,0,0,0,0,0,0,0,0,0,,,,0,1,0,,,0,0,0,0,0,,,,,,EA,,0,,0,0,Y,,,,1,,LB,N,,,,,,,,,N,,0,0,,,0,0,0,Y,O,Y,02/05/15,,,0,0,,,,,,,,,,,,,,,,,,,,,,N,,,,Y,N,,,Y,34,,,,,,,1,,,,,Weblink,,,,,,,,,,,,,,,,,,N
1,34,AL,44811,,,"SHAFT, PTO, 540 RPM",20729500445,0,0,0,0,250,34,,,,,3182100,,0,1,N,N,EA,EA,EA,1,1,250,250,,250,170.6,145,,,43,43,145,145,145,142.5,142.5,142.5,,X,0,,0,,,,,,0,,,06/05/01,12/19/18,,,,,0,0,0,0,0,0,0,0,0,0,0,0,0,,,,,,,,,,,,,,,,,,,,0,0,0,0,0,0,0,0,0,0,0,0,0,,,,0,0,0,,,0,0,0,0,0,,,,,,EA,,0,,0,0,Y,,,,1,,LB,N,,,,,,,,,N,,0,0,,,0,0,0,Y,O,Y,,,,0,0,,,,,,,,,,,,,,,,,,,,,,N,,,,Y,N,,,Y,,,,,,,,1,,,,,Weblink,,,,,,,,,,,,,,,,,,N
1,0NONE,AL,45435,,,"REGULATOR, VOLTAGE",,0,0,0,0,516,,,,,,3202000,,0,1,N,N,EA,EA,EA,1,1,516,516,,516,395,335.4,,,52.44,52.436,290.42,290.42,290.42,245.43,245.43,245.43,,X,0,,0,,,,,,0,,,06/05/01,12/19/18,,,,,0,0,0,0,0,0,0,0,0,0,0,0,0,,,,,,,,,,,,,,,,,,,,0,0,0,0,0,0,0,0,0,0,0,0,0,,,,0,0,0,,,0,0,0,0,0,,,,,,EA,,0,,0,0,Y,,,,1,,LB,N,,,,,,,,,N,,0,0,,,0,0,0,Y,O,Y,,,,0,0,,,,,,,,,,,,,,,,,,,,,,N,,,,Y,N,,,Y,,,,,,,,1,,,,,Weblink,,,,,,,,,,,,,,,,,,N
1,0NONE,AL,48848,,,"BRUSH, ELECTRA",,0,0,0,0,8.25,,,,,,3207000,,0,1,N,N,EA,EA,EA,1,1,8.25,8.25,,8.25,6.3,5.35,,,35.15,35.152,5.35,5.35,5.35,5.35,5.35,5.35,,X,0,,0,,,,,,0,,,06/05/01,12/19/18,,,,,0,0,0,0,0,0,0,0,0,0,0,0,0,,,,,,,,,,,,,,,,,,,,0,0,0,0,0,0,0,0,0,0,0,0,0,,,,0,0,0,,,0,0,0,0,0,,,,,,EA,,0,,0,0,Y,,,,1,,LB,N,,,,,,,,,N,,0,0,,,0,0,0,Y,O,Y,,,,0,0,,,,,,,,,,,,,,,,,,,,,,N,,,,Y,N,,,Y,,,,,,,,1,,,,,Weblink,,,,,,,,,,,,,,,,,,N
1,34,AL,48849,,,BRUSHHOLDER,,0,0,0,0,41.8,34,,,,,3207100,,0,1,N,N,EA,EA,EA,1,1,41.8,41.8,,41.8,32,27.18,,,34.98,34.976,27.18,27.18,27.18,27.18,27.18,27.18,,X,0,,0,,,,,,0,11/08/12,,06/05/01,12/19/18,,,,,0,0,0,0,0,0,0,0,0,0,0,0,0,,,,,,,,,,,,,,,,,,,,0,0,0,0,0,0,0,0,0,0,0,0,0,,,,0,0,0,,,0,0,0,0,0,,,,,,EA,,0,,0,0,Y,,,,1,,LB,N,,,,,,,,,N,,0,0,,,0,0,0,Y,O,Y,02/05/15,,,0,0,,,,,,,,,,,,,,,,,,,,,,N,,,,Y,N,,,Y,,,,,,,,1,,,,,Weblink,,,,,,,,,,,,,,,,,,N
1,0NONE,AL,45LR1-540,,,"ALTERNATOR, PTO 540 RPM",,0,0,0,0,7160,,,,,,3214800,,0,1,N,N,EA,EA,EA,1,1,7160,7160,,7160,4801.2,4081,,,43,43.003,4081,4081,4081,4081,4081,4081,,X,0,,0,,,,,,0,,,06/05/01,12/19/18,,,,,0,0,0,0,0,0,0,0,0,0,0,0,0,,,,,,,,,,,,,,,,,,,,0,0,0,0,0,0,0,0,0,0,0,0,0,,,,0,0,0,,,0,0,0,0,0,,,,,,EA,,0,,0,0,Y,,,,1,,LB,N,,,,,,,,,N,,0,0,,,0,0,0,Y,O,Y,,,,0,0,,,,,,,,,,,,,,,,,,,,,,N,,,,Y,N,,,Y,,,,,,,,1,,,,,Weblink,,,,,,,,,,,,,,,,,,N
1,0NONE,AL,49721,,,"SWITCH, TRANSFER",,0,0,0,0,7935,,,,,,3223700,,0,1,N,N,EA,EA,EA,1,1,7935,7935,,7935,5600,4760,,,40.01,40.013,4760,4760,4760,4760,4760,4760,,X,0,,0,,,,,,0,,,06/05/01,12/19/18,,,,,0,0,0,0,0,0,0,0,0,0,0,0,0,,,,,,,,,,,,,,,,,,,,0,0,0,0,0,0,0,0,0,0,0,0,0,,,,0,0,0,,,0,0,0,0,0,,,,,,EA,,0,,0,0,Y,,,,1,,LB,N,,,,,,,,,N,,0,0,,,0,0,0,Y,O,Y,,,,0,0,,,,,,,,,,,,,,,,,,,,,,N,,,,Y,N,,,Y,,,,,,,,1,,,,,Weblink,,,,,,,,,,,,,,,,,,N
1,0NONE,AL,361PSL1602,,,"GENERATOR, 12/240, 3PH",,0,0,0,0,3350,34,,,,,3283900,,0,1,N,N,UN,UN,UN,1,1,3350,3350,,3350,2945,2500,,,32.67,32.67,2500,2500,2500,2255.55,2255.55,2255.55,,X,0,,0,,,,,,0,,,02/12/04,12/19/18,,,,,0,0,0,0,0,0,0,0,0,0,0,0,0,,,,,,,,,,,,,,,,,,,,0,0,0,0,0,0,0,0,0,0,0,0,0,,,,0,0,0,,,0,0,0,0,0,,,,,,UN,,0,,0,0,Y,,,,1,,LB,N,,,,,,,,,N,,0,0,,,0,0,0,Y,O,Y,,,,0,0,,,,,,,,,,,,,,,,,,,,,,N,,,,Y,N,,,Y,34,,,,,,,1,,,,,Weblink,,,,,,,,,,,,,,,,,,N
1,0NONE,AL,AIRVALVE,,,"VALVE, AIR",,0,0,0,0,81.6,,,,,,3284700,,0,1,N,N,EA,EA,EA,1,1,81.6,81.6,,81.6,67.2,57.12,,,30,30,57.12,57.12,57.12,57.12,57.12,57.12,,X,0,,0,,,,,,0,,,06/06/01,12/19/18,,,,,0,0,0,0,0,0,0,0,0,0,0,0,0,,,,,,,,,,,,,,,,,,,,0,0,0,0,0,0,0,0,0,0,0,0,0,,,,0,0,0,,,0,0,0,0,0,,,,,,EA,,0,,0,0,Y,,,,1,,LB,N,,,,,,,,,N,,0,0,,,0,0,0,Y,O,Y,,,,0,0,,,,,,,,,,,,,,,,,,,,,,N,,,,Y,N,,,Y,,,,,,,,1,,,,,Weblink,,,,,,,,,,,,,,,,,,N
1,0NONE,AL,850070,,,TRANSFER SWITCH,,0,0,0,0,10000,34,,,,,3310600,,0,1,N,N,UN,UN,UN,1,1,10000,10000,,10000,8825,7500,,,25,25,7500,7500,7500,7500,7500,7500,,X,0,,0,,,,,,0,,,10/07/04,12/19/18,,,,,0,0,0,0,0,0,0,0,0,0,0,0,0,,,,,,,,,,,,,,,,,,,,0,0,0,0,0,0,0,0,0,0,0,0,0,,,,0,0,0,,,0,0,0,0,0,,,,,,EA,,0,,0,0,Y,,,,1,,LB,N,,,,,,,,,N,,0,0,,,0,0,0,Y,O,Y,,,,0,0,,,,,,,,,,,,,,,,,,,,,,N,,,,Y,N,,,Y,34,,,,,,,1,,,,,Weblink,,,,,,,,,,,,,,,,,,N
1,,AL,64863-008,,,200 AMP 208/240 2-POLE TRANSFER,,0,0,0,0,1200,,,,,,64863-008,,0,1,N,N,EA,EA,EA,1,1,1200,1200,,1200,1200,1200,1200,1200,45,30,840,840,840,840,840,840,,X,0,,0,,,,,,0,,12/28/18,12/28/18,,,,,,0,0,0,0,0,0,0,0,0,0,0,0,0,,,,,,,,,,,,,,,,,,,,0,0,0,0,0,0,0,0,0,0,0,0,0,,,,0,0,0,,,0,0,0,0,0,,,,,,EA,,0,,0,0,Y,,,,,80,LB,N,,,,,,,,,N,,0,0,,,0,0,0,Y,O,Y,12/28/18,,,0,0,,,,,,,,,,,,,,,,,,,,,,N,,,,Y,N,,,Y,,,,,,,,1,,,,,Weblink,,,,,,,,,,,,,,,,,,N
1,34,AL,302-0551,,,VOLTMETER,,0,0,0,0,129.25,,,,,,3525000,,0,1,N,N,EA,EA,EA,1,1,129.25,129.25,,129.25,110,91.94,,,28.87,28.867,91.94,91.94,91.94,91.94,91.94,91.94,,X,0,,0,,,,,,0,,,06/05/01,12/19/18,,,,,0,0,0,0,0,0,0,0,0,0,0,0,0,,,,,,,,,,,,,,,,,,,,0,0,0,0,0,0,0,0,0,0,0,0,0,,,,0,0,0,,,0,0,0,0,0,,,,,,EA,,0,,0,0,Y,,,,1,,LB,N,,,,,,,,,N,,0,0,,,0,0,0,Y,O,Y,02/05/15,,,0,0,,,,,,,,,,,,,,,,,,,,,,N,,,,Y,N,,,Y,,,,,,,,1,,,,,Weblink,,,,,,,,,,,,,,,,,,N
1,0NONE,AL,358-0010,,,DIODE,,0,0,0,0,56.85,,,,,,3564300,,0,1,N,N,EA,EA,EA,1,1,56.85,56.85,,56.85,46.85,39.8,,,29.99,29.991,39.8,39.8,39.8,39.8,39.8,39.8,,X,0,,0,,,,,,0,,,06/05/01,12/19/18,,,,,0,0,0,0,0,0,0,0,0,0,0,0,0,,,,,,,,,,,,,,,,,,,,0,0,0,0,0,0,0,0,0,0,0,0,0,,,,0,0,0,,,0,0,0,0,0,,,,,,EA,,0,,0,0,Y,,,,1,,LB,N,,,,,,,,,N,,0,0,,,0,0,0,Y,O,Y,,,,0,0,,,,,,,,,,,,,,,,,,,,,,N,,,,Y,N,,,Y,,,,,,,,1,,,,,Weblink,,,,,,,,,,,,,,,,,,N
1,34,AL,356-0056,,,CAPACITOR,,0,0,0,0,48,,,,,,3569200,,0,1,N,N,EA,EA,EA,1,1,48,48,,48,40.05,34.5,,,32.08,32.083,32.6,32.6,32.6,32.6,32.6,32.6,,X,0,,0,,,,,,0,,,06/05/01,12/19/18,,,,,0,0,0,0,0,0,0,0,0,0,0,0,0,,,,,,,,,,,,,,,,,,,,0,0,0,0,0,0,0,0,0,0,0,0,0,,,,0,0,0,,,0,0,0,0,0,,,,,,EA,,0,,0,0,Y,,,,1,,LB,N,,,,,,,,,N,,0,0,,,0,0,0,Y,O,Y,,,,0,0,,,,,,,,,,,,,,,,,,,,,,N,,,,Y,N,,,Y,,,,,,,,1,,,,,Weblink,,,,,,,,,,,,,,,,,,N
1,0NONE,AL,41001,,,REGULATOR FUEL BEAM,,0,0,0,0,99.95,,,,,,3582900,,0,1,N,N,EA,EA,EA,1,1,99.95,99.95,,99.95,76.45,64.98,,,34.99,34.988,64.98,64.98,64.98,64.98,64.98,64.98,,X,0,,0,,,,,,0,,,06/05/01,12/19/18,,,,,0,0,0,0,0,0,0,0,0,0,0,0,0,,,,,,,,,,,,,,,,,,,,0,0,0,0,0,0,0,0,0,0,0,0,0,,,,0,0,0,,,0,0,0,0,0,,,,,,EA,,0,,0,0,Y,,,,1,,LB,N,,,,,,,,,N,,0,0,,,0,0,0,Y,O,Y,,,,0,0,,,,,,,,,,,,,,,,,,,,,,N,,,,Y,N,,,Y,,,,,,,,1,,,,,Weblink,,,,,,,,,,,,,,,,,,N
1,0NONE,AL,44006,,,"CONNECTOR, LOAD, FEMALE",,0,0,0,0,40.2,,,,,,3596600,,0,1,N,N,EA,EA,EA,1,1,40.2,40.2,,40.2,30.75,26.13,,,43.21,43.209,22.83,22.83,22.83,22.83,22.83,22.83,,X,0,,0,,,,,,0,,,06/05/01,12/19/18,,,,,0,0,0,0,0,0,0,0,0,0,0,0,0,,,,,,,,,,,,,,,,,,,,0,0,0,0,0,0,0,0,0,0,0,0,0,,,,0,0,0,,,0,0,0,0,0,,,,,,EA,,0,,0,0,Y,,,,1,,LB,N,,,,,,,,,N,,0,0,,,0,0,0,Y,O,Y,02/05/15,,,0,0,,,,,,,,,,,,,,,,,,,,,,N,,,,Y,N,,,Y,,,,,,,,1,,,,,Weblink,,,,,,,,,,,,,,,,,,N
1,34,AL,44806,,,"SHAFT, PTO, 540 RPM",,-1,0,0,-1,387,34,,,,,3622200,,0,1,N,N,EA,EA,EA,1,1,387,387,,387,328.95,248,,,50.65,50.646,227.15,227.15,227.15,191,191,191,,C,0,387,1,196,,0.507,,,0,07/21/22,,06/05/01,12/19/18,,,,,0,0,0,0,0,1,0,0,0,0,0,0,0,,,,,,,,,,,,,,,,,,,,0,0,0,0,0,0,0,0,0,0,0,0,0,,,,0,1,1,191,191,0,0,0,0,0,,,,,,EA,,0,,0,0,Y,,,,1,,LB,N,,,,,,,,,N,,0,0,,,0,0,0,Y,O,Y,,,,1,0,,,,,,,,,,,,,,,,,,,,,,N,,,,Y,N,,,Y,,,,,,,,1,,,,,Weblink,,,,,,,,,,,,,,,,,,N
1,34,AL,44812,,,"SHAFT, PTO, 1000 RPM",31365300597,0,0,0,0,345,34,,,,,3622400,,0,1,N,N,EA,EA,EA,1,1,345,345,,345,295,225,,,43,43,243.5,243.5,243.5,196.65,196.65,196.65,,X,0,,0,,,,,,0,07/02/12,,06/05/01,12/19/18,,,,,0,0,0,0,0,0,0,0,0,0,0,0,0,,,,,,,,,,,,,,,,,,,,0,0,0,0,0,0,0,0,0,0,0,0,0,,,,0,0,0,,,0,0,0,0,0,,,,,,EA,,0,,0,0,Y,,,,1,,LB,N,,,,,,,,,N,,0,0,,,0,0,0,Y,O,Y,,,,0,0,,,,,,,,,,,,,,,,,,,,,,N,,,,Y,N,,,Y,,,,,,,,1,,,,,Weblink,,,,,,,,,,,,,,,,,,N
1,0NONE,AL,48855,,,ROTOR,,0,0,0,0,113.55,,,,,,3651800,,0,1,N,N,EA,EA,EA,1,1,113.55,113.55,,113.55,86.85,73.8,,,35.01,35.007,73.8,73.8,73.8,73.8,73.8,73.8,,X,0,,0,,,,,,0,,,06/05/01,12/19/18,,,,,0,0,0,0,0,0,0,0,0,0,0,0,0,,,,,,,,,,,,,,,,,,,,0,0,0,0,0,0,0,0,0,0,0,0,0,,,,0,0,0,,,0,0,0,0,0,,,,,,EA,,0,,0,0,Y,,,,1,,LB,N,,,,,,,,,N,,0,0,,,0,0,0,Y,O,Y,,,,0,0,,,,,,,,,,,,,,,,,,,,,,N,,,,Y,N,,,Y,,,,,,,,1,,,,,Weblink,,,,,,,,,,,,,,,,,,N
1,0NONE,AL,49725,,,"SWITCH, TRANSFER",,0,0,0,0,7190,,,,,,3665800,,0,1,N,N,EA,EA,EA,1,1,7190,7190,,7190,5921.2,5033,,,30,30,5033,5033,5033,5033,5033,5033,,X,0,,0,,,,,,0,,,06/05/01,12/19/18,,,,,0,0,0,0,0,0,0,0,0,0,0,0,0,,,,,,,,,,,,,,,,,,,,0,0,0,0,0,0,0,0,0,0,0,0,0,,,,0,0,0,,,0,0,0,0,0,,,,,,EA,,0,,0,0,Y,,,,1,,LB,N,,,,,,,,,N,,0,0,,,0,0,0,Y,O,Y,,,,0,0,,,,,,,,,,,,,,,,,,,,,,N,,,,Y,N,,,Y,,,,,,,,1,,,,,Weblink,,,,,,,,,,,,,,,,,,N
1,0NONE,AL,55361-01,,,FIELD COIL,,0,0,0,0,155,,,,,,3681700,,0,1,N,N,EA,EA,EA,1,1,155,155,,155,125,106.2,,,31.48,31.484,106.2,106.2,106.2,106.2,106.2,106.2,,X,0,,0,,,,,,0,,,06/05/01,12/19/18,,,,,0,0,0,0,0,0,0,0,0,0,0,0,0,,,,,,,,,,,,,,,,,,,,0,0,0,0,0,0,0,0,0,0,0,0,0,,,,0,0,0,,,0,0,0,0,0,,,,,,EA,,0,,0,0,Y,,,,1,,LB,N,,,,,,,,,N,,0,0,,,0,0,0,Y,O,Y,,,,0,0,,,,,,,,,,,,,,,,,,,,,,N,,,,Y,N,,,Y,,,,,,,,1,,,,,Weblink,,,,,,,,,,,,,,,,,,N
1,0NONE,AL,700020,,,"ALTERNATOR, KATOLIGHT",,0,0,0,0,28195,,,,,,3732800,,0,1,N,N,EA,EA,EA,1,1,28195,28195,,28195,24880,21146,,,25,25.001,21146,21146,21146,21146,21146,21146,,X,0,,0,,,,,,0,,,06/05/01,12/19/18,,,,,0,0,0,0,0,0,0,0,0,0,0,0,0,,,,,,,,,,,,,,,,,,,,0,0,0,0,0,0,0,0,0,0,0,0,0,,,,0,0,0,,,0,0,0,0,0,,,,,,EA,,0,,0,0,Y,,,,1,,LB,N,,,,,,,,,N,,0,0,,,0,0,0,Y,O,Y,,,,0,0,,,,,,,,,,,,,,,,,,,,,,N,,,,Y,N,,,Y,,,,,,,,1,,,,,Weblink,,,,,,,,,,,,,,,,,,N
1,0NONE,AL,60265K,,,"ALTERNATOR, COMP UNIT,",,0,0,0,0,6770,,,,,,3737600,,0,1,N,N,EA,EA,EA,1,1,6770,6770,,6770,5971.2,5075.5,,,25.03,25.03,5075.5,5075.5,5075.5,5075.5,5075.5,5075.5,,X,0,,0,,,,,,0,,,06/05/01,12/19/18,,,,,0,0,0,0,0,0,0,0,0,0,0,0,0,,,,,,,,,,,,,,,,,,,,0,0,0,0,0,0,0,0,0,0,0,0,0,,,,0,0,0,,,0,0,0,0,0,,,,,,EA,,0,,0,0,Y,,,,1,,LB,N,,,,,,,,,N,,0,0,,,0,0,0,Y,O,Y,,,,0,0,,,,,,,,,,,,,,,,,,,,,,N,,,,Y,N,,,Y,,,,,,,,1,,,,,Weblink,,,,,,,,,,,,,,,,,,N
1,0NONE,AL,70742,,,"GENERATOR, PORTABLE",,0,0,0,0,3845,,,,,,3773600,,0,1,N,N,EA,EA,EA,1,1,3845,3845,,3845,2599.15,2219,,,42.29,42.289,2219,2219,2219,2219,2219,2219,,X,0,,0,,,,,,0,,,06/05/01,12/19/18,,,,,0,0,0,0,0,0,0,0,0,0,0,0,0,,,,,,,,,,,,,,,,,,,,0,0,0,0,0,0,0,0,0,0,0,0,0,,,,0,0,0,,,0,0,0,0,0,,,,,,EA,,0,,0,0,Y,,,,1,,LB,N,,,,,,,,,N,,0,0,,,0,0,0,Y,O,Y,,,,0,0,,,,,,,,,,,,,,,,,,,,,,N,,,,Y,N,,,Y,,,,,,,,1,,,,,Weblink,,,,,,,,,,,,,,,,,,N
1,0NONE,AL,55LR1-1000,,,"ALTERNATOR, 1000 PTO",,0,0,0,0,7230,,,,,,3782700,,0,1,N,N,EA,EA,EA,1,1,7230,7230,,7230,4848.25,4121,,,43,43.001,4074.25,4074.25,4074.25,4121,4121,4121,,X,0,,0,,,,,,0,,,06/05/01,12/19/18,,,,,0,0,0,0,0,0,0,0,0,0,0,0,0,,,,,,,,,,,,,,,,,,,,0,0,0,0,0,0,0,0,0,0,0,0,0,,,,0,0,0,,,0,0,0,0,0,,,,,,EA,,0,,0,0,Y,,,,1,,LB,N,,,,,,,,,N,,0,0,,,0,0,0,Y,O,Y,,,,0,0,,,,,,,,,,,,,,,,,,,,,,N,,,,Y,N,,,Y,,,,,,,,1,,,,,Weblink,,,,,,,,,,,,,,,,,,N
1,0NONE,AL,60264,,,"ALTERNATOR, KLM1601000240",,0,0,0,0,6920,,,,,,3838000,,0,1,N,N,EA,EA,EA,1,1,6920,6920,,6920,4885,4152,,,40,40,4152,4152,4152,4152,4152,4152,,X,0,,0,,,,,,0,,,06/05/01,12/19/18,,,,,0,0,0,0,0,0,0,0,0,0,0,0,0,,,,,,,,,,,,,,,,,,,,0,0,0,0,0,0,0,0,0,0,0,0,0,,,,0,0,0,,,0,0,0,0,0,,,,,,EA,,0,,0,0,Y,,,,1,,LB,N,,,,,,,,,N,,0,0,,,0,0,0,Y,O,Y,,,,0,0,,,,,,,,,,,,,,,,,,,,,,N,,,,Y,N,,,Y,,,,,,,,1,,,,,Weblink,,,,,,,,,,,,,,,,,,N
1,0NONE,AL,61190,,,"GENERATOR, PORTABLE,",,1,0,0,1,1460,,,,,,3892600,,0,1,N,N,EA,EA,EA,1,1,1460,1460,,1460,1007.35,869,,,43.84,43.844,819.88,819.88,819.88,819.88,819.88,819.88,,X,0,,0,,,,,,0,,,06/05/01,12/19/18,,,,,0,0,0,0,0,0,0,0,0,0,0,0,0,,,,,,,,,,,,,,,,,,,,0,0,0,0,0,0,0,0,0,0,0,0,0,,,,0,0,0,,,0,0,0,0,0,,,,,,EA,,0,,0,0,Y,,,,1,,LB,N,,,,,,,,,N,,0,0,,,0,0,0,Y,O,Y,,,,0,0,,,,,,,,,,,,,,,,,,,,,,N,,,,Y,N,,,Y,,,,,,,,1,,,,,Weblink,,,,,,,,,,,,,,,,,,N
1,0NONE,AL,850001,,,"CONTROL UNIT, ZENITH",,0,0,0,0,3150,,,,,,3918200,,0,1,N,N,EA,EA,EA,1,1,3150,3150,,3150,2595,1659,,,47.33,47.333,2203,2203,2203,1659,1659,1659,,X,0,,0,,,,,,0,,,06/05/01,12/19/18,,,,,0,0,0,0,0,0,0,0,0,0,0,0,0,,,,,,,,,,,,,,,,,,,,0,0,0,0,0,0,0,0,0,0,0,0,0,,,,0,0,0,,,0,0,0,0,0,,,,,,EA,,0,,0,0,Y,,,,1,,LB,N,,,,,,,,,N,,0,0,,,0,0,0,Y,O,Y,,,,0,0,,,,,,,,,,,,,,,,,,,,,,N,,,,Y,N,,,Y,,,,,,,,1,,,,,Weblink,,,,,,,,,,,,,,,,,,N
1,0NONE,AL,85LR1,,,"ALTERNATOR, PTO 1000",,0,0,0,0,9130,,,,,,4003900,,0,1,N,N,EA,EA,EA,1,1,9130,9130,,9130,6122.47,5204.1,,,43,43,5204.1,5204.1,5204.1,5204.1,5204.1,5204.1,,X,0,,0,,,,,,0,,,06/05/01,12/19/18,,,,,0,0,0,0,0,0,0,0,0,0,0,0,0,,,,,,,,,,,,,,,,,,,,0,0,0,0,0,0,0,0,0,0,0,0,0,,,,0,0,0,,,0,0,0,0,0,,,,,,EA,,0,,0,0,Y,,,,1,,LB,N,,,,,,,,,N,,0,0,,,0,0,0,Y,O,Y,,,,0,0,,,,,,,,,,,,,,,,,,,,,,N,,,,Y,N,,,Y,,,,,,,,1,,,,,Weblink,,,,,,,,,,,,,,,,,,N
1,,AL,765166-01,,,GEAR BOX PTO,,0,0,0,0,3770,34,,,,,4045800,,0,1,N,N,UN,UN,UN,1,1,3770,3770,,3770,3325,2825.4,,,25.06,25.056,2825.4,2825.4,2825.4,2825.4,2825.4,2825.4,,X,0,,0,,,,,,0,,,01/15/08,,,,,,0,0,0,0,0,0,0,0,0,0,0,0,0,,,,,,,,,,,,,,,,,,,,0,0,0,0,0,0,0,0,0,0,0,0,0,,,,0,0,0,,,0,0,0,0,0,,,,,,EA,,0,,0,0,Y,,,,1,,LB,N,,,,,,,,,N,,0,0,,,0,0,0,Y,O,Y,,,,0,0,,,,,,,,,,,,,,,,,,,,,,N,,,,Y,N,,,Y,34,,,,,,,1,,,,,Weblink,,,,,,,,,,,,,,,,,,N
1,0NONE,AL,44998,,,"BREAKER, CIRCUIT, 175A, 240V",,0,0,0,0,185,34,,,,,4083800,,0,1,N,N,UN,UN,UN,1,1,185,185,,185,153,129.41,,,30.05,30.049,129.41,129.41,129.41,129.41,129.41,129.41,,X,0,,0,,,,,,0,,,02/03/05,12/19/18,,,,,0,0,0,0,0,0,0,0,0,0,0,0,0,,,,,,,,,,,,,,,,,,,,0,0,0,0,0,0,0,0,0,0,0,0,0,,,,0,0,0,,,0,0,0,0,0,,,,,,EA,,0,,0,0,Y,,,,1,,LB,N,,,,,,,,,N,,0,0,,,0,0,0,Y,O,Y,,,,0,0,,,,,,,,,,,,,,,,,,,,,,N,,,,Y,N,,,Y,34,,,,,,,1,,,,,Weblink,,,,,,,,,,,,,,,,,,N
1,,AL,CNL40-G6,,,ALTERNATOR,,0,0,0,0,15750,34,,,,,4091200,,0,1,N,N,UN,UN,UN,1,1,15750,15750,,15750,12955,11009,,,30.1,30.102,11009,11009,11009,11009,11009,11009,,X,0,,0,,,,,,0,,,08/19/08,,,,,,0,0,0,0,0,0,0,0,0,0,0,0,0,,,,,,,,,,,,,,,,,,,,0,0,0,0,0,0,0,0,0,0,0,0,0,,,,0,0,0,,,0,0,0,0,0,,,,,,EA,,0,,0,0,Y,,,,1,,LB,N,,,,,,,,,N,,0,0,,,0,0,0,Y,O,Y,,,,0,0,,,,,,,,,,,,,,,,,,,,,,N,,,,Y,N,,,Y,34,,,,,,,1,,,,,Weblink,,,,,,,,,,,,,,,,,,N
1,,AL,743489,,,TRANSFER SWITCH,,0,0,0,0,2100,34,,,,,4103400,,0,1,N,N,UN,UN,UN,1,1,2100,2100,,2100,1705,1448,,,31.05,31.048,1448,1448,1448,1448,1448,1448,,X,0,,0,,,,,,0,,,07/14/08,,,,,,0,0,0,0,0,0,0,0,0,0,0,0,0,,,,,,,,,,,,,,,,,,,,0,0,0,0,0,0,0,0,0,0,0,0,0,,,,0,0,0,,,0,0,0,0,0,,,,,,EA,,0,,0,0,Y,,,,1,,LB,N,,,,,,,,,N,,0,0,,,0,0,0,Y,O,Y,,,,0,0,,,,,,,,,,,,,,,,,,,,,,N,,,,Y,N,,,Y,34,,,,,,,1,,,,,Weblink,,,,,,,,,,,,,,,,,,N
1,,AL,SA100295,,,"ASSY LOAD CONNECTOR, MALE",,2,0,0,2,89,34,,,,,4166200,,0,1,N,N,UN,UN,UN,1,1,89,89,,89,76,57.62,,,37.58,37.584,55.55,55.55,55.55,55.55,55.55,55.55,,X,0,,0,,,,,,0,,,02/08/11,,,,,,0,0,0,0,0,0,0,0,0,0,0,0,0,,,,,,,,,,,,,,,,,,,,0,0,0,0,0,0,0,0,0,0,0,0,0,,,,0,0,0,,,0,0,0,0,0,,,,,,EA,,0,,0,0,Y,,,,1,,LB,N,,,,,,,,,N,,0,0,,,0,0,0,Y,O,Y,02/05/15,,,0,0,,,,,,,,,,,,,,,,,,,,,,N,,,,Y,N,,,Y,34,,,,,,1,1,,,,,Weblink,,,,,,,,,,,,,,,,,,N
1,,AL,779418,,,TRANSFER SWITCH,,0,0,0,0,2315,34,,,,,4222700,,0,1,N,N,UN,UN,UN,1,1,2315,2315,,2315,1905,1618,,,30.11,30.108,1618,1618,1618,1618,1618,1618,,X,0,,0,,,,,,0,,,07/14/08,,,,,,0,0,0,0,0,0,0,0,0,0,0,0,0,,,,,,,,,,,,,,,,,,,,0,0,0,0,0,0,0,0,0,0,0,0,0,,,,0,0,0,,,0,0,0,0,0,,,,,,EA,,0,,0,0,Y,,,,1,,LB,N,,,,,,,,,N,,0,0,,,0,0,0,Y,O,Y,,,,0,0,,,,,,,,,,,,,,,,,,,,,,N,,,,Y,N,,,Y,34,,,,,,,1,,,,,Weblink,,,,,,,,,,,,,,,,,,N
1,,AL,54961-000,,,"1000 RPM PTO SHAFT 1 3/8"" SPLINE",,0,0,0,0,600,,,,,,54961-000,,0,1,N,N,EA,EA,EA,1,1,600,600,,600,600,600,600,600,45,30,420,420,420,420,420,420,,X,0,,0,,,,,,0,,12/28/18,12/28/18,,,,,,0,0,0,0,0,0,0,0,0,0,0,0,0,,,,,,,,,,,,,,,,,,,,0,0,0,0,0,0,0,0,0,0,0,0,0,,,,0,0,0,,,0,0,0,0,0,,,,,,EA,,0,,0,0,Y,,,,,58,LB,N,,,,,,,,,N,,0,0,,,0,0,0,Y,O,Y,12/28/18,,,0,0,,,,,,,,,,,,,,,,,,,,,,N,,,,Y,N,,,Y,,,,,,,,1,,,,,Weblink,,,,,,,,,,,,,,,,,,N
1,,AL,54326-001,,,"540 RPM PTO SHAFT 1 3/8"" SPLINE",,0,0,0,0,310,,,,,,54326-001,,0,1,N,N,EA,EA,EA,1,1,310,310,,310,310,310,310,310,45,30,217,217,217,217,217,217,,X,0,,0,,,,,,0,,12/28/18,12/28/18,,,,,,0,0,0,0,0,0,0,0,0,0,0,0,0,,,,,,,,,,,,,,,,,,,,0,0,0,0,0,0,0,0,0,0,0,0,0,,,,0,0,0,,,0,0,0,0,0,,,,,,EA,,0,,0,0,Y,,,,,40,LB,N,,,,,,,,,N,,0,0,,,0,0,0,Y,O,Y,12/28/18,,,0,0,,,,,,,,,,,,,,,,,,,,,,N,,,,Y,N,,,Y,,,,,,,,1,,,,,Weblink,,,,,,,,,,,,,,,,,,N
1,0NONE,AL,47001K,,,VOLTMETER,,0,0,0,0,31.1,,,,,,4608400,,0,1,N,N,EA,EA,EA,1,1,31.1,31.1,,31.1,,,,,0,99.997,0.001,0.001,0.001,0.001,0.001,0.001,,X,0,,0,,,,,,0,,,06/05/01,12/19/18,,,,,0,0,0,0,0,0,0,0,0,0,0,0,0,,,,,,,,,,,,,,,,,,,,0,0,0,0,0,0,0,0,0,0,0,0,0,,,,0,0,0,,,0,0,0,0,0,,,,,,EA,,0,,0,0,Y,,,,1,,LB,N,,,,,,,,,N,,0,0,,,0,0,0,Y,O,Y,,,,0,0,,,,,,,,,,,,,,,,,,,,,,N,,,,Y,N,,,Y,,,,,,,,1,,,,,Weblink,,,,,,,,,,,,,,,,,,N
1,0NONE,AL,60266,,,"ALTERNATOR, KLM1-100",,0,0,0,0,8344,,,,,,4641200,,0,1,N,N,EA,EA,EA,1,1,8344,8344,,8344,7362.35,6258,,,25,25,6258,6258,6258,6258,6258,6258,,X,0,,0,,,,,,0,,,06/05/01,12/19/18,,,,,0,0,0,0,0,0,0,0,0,0,0,0,0,,,,,,,,,,,,,,,,,,,,0,0,0,0,0,0,0,0,0,0,0,0,0,,,,0,0,0,,,0,0,0,0,0,,,,,,EA,,0,,0,0,Y,,,,1,,LB,N,,,,,,,,,N,,0,0,,,0,0,0,Y,O,Y,,,,0,0,,,,,,,,,,,,,,,,,,,,,,N,,,,Y,N,,,Y,,,,,,,,1,,,,,Weblink,,,,,,,,,,,,,,,,,,N
1,0NONE,AL,800175,,,"GENERATOR, KATOLIGHT",,0,0,0,0,52575,,,,,,4703200,,0,1,N,N,EA,EA,EA,1,1,52575,52575,,52575,43295,36801,,,30,30.003,36801,36801,36801,36801,36801,36801,,X,0,,0,,,,,,0,,,06/05/01,12/19/18,,,,,0,0,0,0,0,0,0,0,0,0,0,0,0,,,,,,,,,,,,,,,,,,,,0,0,0,0,0,0,0,0,0,0,0,0,0,,,,0,0,0,,,0,0,0,0,0,,,,,,EA,,0,,0,0,Y,,,,1,,LB,N,,,,,,,,,N,,0,0,,,0,0,0,Y,O,Y,,,,0,0,,,,,,,,,,,,,,,,,,,,,,N,,,,Y,N,,,Y,,,,,,,,1,,,,,Weblink,,,,,,,,,,,,,,,,,,N
1,0NONE,AL,800535,,,"ALTERNATOR, KATOLIGHT",,0,0,0,0,18500,,,,,,4707700,,0,1,N,N,EA,EA,EA,1,1,18500,18500,,18500,15225,13000,,,31.89,31.892,12600,12600,12600,12600,12600,12600,,X,0,,0,,,,,,0,,,06/05/01,12/19/18,,,,,0,0,0,0,0,0,0,0,0,0,0,0,0,,,,,,,,,,,,,,,,,,,,0,0,0,0,0,0,0,0,0,0,0,0,0,,,,0,0,0,,,0,0,0,0,0,,,,,,EA,,0,,0,0,Y,,,,1,,LB,N,,,,,,,,,N,,0,0,,,0,0,0,Y,O,Y,,,,0,0,,,,,,,,,,,,,,,,,,,,,,N,,,,Y,N,,,Y,,,,,,,,1,,,,,Weblink,,,,,,,,,,,,,,,,,,N
1,0NONE,AL,800700,,,ALTERNATOR,,0,0,0,0,32575,34,,,,,4707800,,0,1,N,N,EA,EA,EA,1,1,32575,32575,,32575,26825,22800,,,30.01,30.008,22800,22800,22800,22800,22800,22800,,X,0,,0,,,,,,0,,,06/05/01,12/19/18,,,,,0,0,0,0,0,0,0,0,0,0,0,0,0,,,,,,,,,,,,,,,,,,,,0,0,0,0,0,0,0,0,0,0,0,0,0,,,,0,0,0,,,0,0,0,0,0,,,,,,EA,,0,,0,0,Y,,,,1,,LB,N,,,,,,,,,N,,0,0,,,0,0,0,Y,O,Y,,,,0,0,,,,,,,,,,,,,,,,,,,,,,N,,,,Y,N,,,Y,34,,,,,,,1,,,,,Weblink,,,,,,,,,,,,,,,,,,N
1,,AL,93703,,,"YOKE, PTO, 1 3/4"" 20 SPLINE",,0,0,0,0,208,34,,,,,4887000,,0,1,N,N,UN,UN,UN,1,1,208,208,,208,170,145,,,30.29,30.289,145,145,145,145,145,145,,X,0,,0,,,,,,0,,,01/16/09,,,,,,0,0,0,0,0,0,0,0,0,0,0,0,0,,,,,,,,,,,,,,,,,,,,0,0,0,0,0,0,0,0,0,0,0,0,0,,,,0,0,0,,,0,0,0,0,0,,,,,,EA,,0,,0,0,Y,,,,1,,LB,N,,,,,,,,,N,,0,0,,,0,0,0,Y,O,Y,,,,0,0,,,,,,,,,,,,,,,,,,,,,,N,,,,Y,N,,,Y,34,,,,,,,1,,,,,Weblink,,,,,,,,,,,,,,,,,,N
1,,AL,KLM3-65-1000,,,"GENERATOR, 3 PHASE",,0,0,0,0,8200,34,,,,,4909200,,0,1,N,N,UN,UN,UN,1,1,8200,8200,,8200,7000,5673.78,,,30.81,30.808,5673.78,5673.78,5673.78,5673.78,5673.78,5673.78,,X,0,,0,,,,,,0,10/31/12,,10/01/12,,,,,,0,0,0,0,0,0,0,0,0,0,0,0,0,,,,,,,,,,,,,,,,,,,,0,0,0,0,0,0,0,0,0,0,0,0,0,,,,0,0,0,,,0,0,0,0,0,,,,,,EA,,0,,0,0,Y,,,,1,,LB,N,,,,,,,,,N,,0,0,,,0,0,0,Y,O,Y,,,,0,0,,,,,,,,,,,,,,,,,,,,,,N,,,,Y,N,,,Y,,,,,,,,1,,,,,Weblink,,,,,,,,,,,,,,,,,,N
1,0NONE,AL,700026,,,"GENERATOR, KATOLIGHT",,0,0,0,0,40700,,,,,,5083100,,0,1,N,N,EA,EA,EA,1,1,40700,40700,,40700,36000,30500,,,25.06,25.061,30500,30500,30500,30500,30500,30500,,X,0,,0,,,,,,0,,,06/05/01,12/19/18,,,,,0,0,0,0,0,0,0,0,0,0,0,0,0,,,,,,,,,,,,,,,,,,,,0,0,0,0,0,0,0,0,0,0,0,0,0,,,,0,0,0,,,0,0,0,0,0,,,,,,EA,,0,,0,0,Y,,,,1,,LB,N,,,,,,,,,N,,0,0,,,0,0,0,Y,O,Y,,,,0,0,,,,,,,,,,,,,,,,,,,,,,N,,,,Y,N,,,Y,,,,,,,,1,,,,,Weblink,,,,,,,,,,,,,,,,,,N
1,0NONE,AL,60229,,,"ALTERNATOR, COMP UNIT,",,0,0,0,0,5130,,,,,,5087400,,0,1,N,N,EA,EA,EA,1,1,5130,5130,,5130,4530,3847.5,,,25,25,3847.5,3847.5,3847.5,3847.5,3847.5,3847.5,,X,0,,0,,,,,,0,,,06/05/01,12/19/18,,,,,0,0,0,0,0,0,0,0,0,0,0,0,0,,,,,,,,,,,,,,,,,,,,0,0,0,0,0,0,0,0,0,0,0,0,0,,,,0,0,0,,,0,0,0,0,0,,,,,,EA,,0,,0,0,Y,,,,1,,LB,N,,,,,,,,,N,,0,0,,,0,0,0,Y,O,Y,,,,0,0,,,,,,,,,,,,,,,,,,,,,,N,,,,Y,N,,,Y,,,,,,,,1,,,,,Weblink,,,,,,,,,,,,,,,,,,N
1,34,AL,61193,,,"GENERATOR, PORTABLE,",,1,0,0,1,3240,34,,,,,5113600,,0,1,N,N,EA,EA,EA,1,1,3240,3240,,3240,2225,1896,,,41.79,41.79,1888.38,1888.38,1888.38,1886,1886,1886,,X,0,,0,,,,,,0,,,06/05/01,12/19/18,,,,,0,0,0,0,0,0,0,0,0,0,0,0,0,,,,,,,,,,,,,,,,,,,,0,0,0,0,0,0,0,0,0,0,0,0,0,,,,0,0,0,,,0,0,0,0,0,,,,,,EA,,0,,0,0,Y,,,,1,,LB,N,,,,,,,,,N,,0,0,,,0,0,0,Y,O,Y,,,,0,0,,,,,,,,,,,,,,,,,,,,,,N,,,,Y,N,,,Y,,,,,,,,1,,,,,Weblink,,,,,,,,,,,,,,,,,,N
1,,AL,44804-000,,,SPLINED ADAPTOR,,0,0,0,0,60,,,,,,44804-000,,0,1,N,N,EA,EA,EA,1,1,60,60,,60,60,60,60,60,45,30,42,42,42,42,42,42,,X,0,,0,,,,,,0,,12/28/18,12/28/18,,,,,,0,0,0,0,0,0,0,0,0,0,0,0,0,,,,,,,,,,,,,,,,,,,,0,0,0,0,0,0,0,0,0,0,0,0,0,,,,0,0,0,,,0,0,0,0,0,,,,,,EA,,0,,0,0,Y,,,,,2,LB,N,,,,,,,,,N,,0,0,,,0,0,0,Y,O,Y,12/28/18,,,0,0,,,,,,,,,,,,,,,,,,,,,,N,,,,Y,N,,,Y,,,,,,,,1,,,,,Weblink,,,,,,,,,,,,,,,,,,N
1,,AL,43990-000,,,"540 RPM PTO SHAFT 1 1/8"" KEYED",,0,0,0,0,250,,,,,,43990-000,,0,1,N,N,EA,EA,EA,1,1,250,250,,250,250,250,250,250,45,30,175,175,175,175,175,175,,X,0,,0,,,,,,0,,12/28/18,12/28/18,,,,,,0,0,0,0,0,0,0,0,0,0,0,0,0,,,,,,,,,,,,,,,,,,,,0,0,0,0,0,0,0,0,0,0,0,0,0,,,,0,0,0,,,0,0,0,0,0,,,,,,EA,,0,,0,0,Y,,,,,30,LB,N,,,,,,,,,N,,0,0,,,0,0,0,Y,O,Y,12/28/18,,,0,0,,,,,,,,,,,,,,,,,,,,,,N,,,,Y,N,,,Y,,,,,,,,1,,,,,Weblink,,,,,,,,,,,,,,,,,,N
1,0NONE,AL,90154,,,"BOARD, CONTROL",,0,0,0,0,408,34,,,,,2316500,,0,1,N,N,UN,UN,UN,1,1,408,408,,408,360,306,,,25,25,306,306,306,306,306,306,,X,0,,0,,,,,,0,,,10/08/04,12/19/18,,,,,0,0,0,0,0,0,0,0,0,0,0,0,0,,,,,,,,,,,,,,,,,,,,0,0,0,0,0,0,0,0,0,0,0,0,0,,,,0,0,0,,,0,0,0,0,0,,,,,,EA,,0,,0,0,Y,,,,1,,LB,N,,,,,,,,,N,,0,0,,,0,0,0,Y,O,Y,,,,0,0,,,,,,,,,,,,,,,,,,,,,,N,,,,Y,N,,,Y,34,,,,,,,1,,,,,Weblink,,,,,,,,,,,,,,,,,,N
1,,AL,SA11310,,,"540 RPM PTO SHAFT 1 3/8"" SPLINE",,0,0,0,0,240,,,,,,SA11310,,0,1,N,N,EA,EA,EA,1,1,240,240,,240,240,240,240,240,45,30,168,168,168,168,168,168,,X,0,,0,,,,,,0,,12/28/18,12/28/18,,,,,,0,0,0,0,0,0,0,0,0,0,0,0,0,,,,,,,,,,,,,,,,,,,,0,0,0,0,0,0,0,0,0,0,0,0,0,,,,0,0,0,,,0,0,0,0,0,,,,,,EA,,0,,0,0,Y,,,,,24,LB,N,,,,,,,,,N,,0,0,,,0,0,0,Y,O,Y,12/28/18,,,0,0,,,,,,,,,,,,,,,,,,,,,,N,,,,Y,N,,,Y,,,,,,,,1,,,,,Weblink,,,,,,,,,,,,,,,,,,N
1,,AL,SA12310,,,"1000 RPM PTO SHAFT 1 3/4"" SPLINE",,0,0,0,0,630,,,,,,SA12310,,0,1,N,N,EA,EA,EA,1,1,630,630,,630,630,630,630,630,45,30,441,441,441,441,441,441,,X,0,,0,,,,,,0,,12/28/18,12/28/18,,,,,,0,0,0,0,0,0,0,0,0,0,0,0,0,,,,,,,,,,,,,,,,,,,,0,0,0,0,0,0,0,0,0,0,0,0,0,,,,0,0,0,,,0,0,0,0,0,,,,,,EA,,0,,0,0,Y,,,,,54,LB,N,,,,,,,,,N,,0,0,,,0,0,0,Y,O,Y,12/28/18,,,0,0,,,,,,,,,,,,,,,,,,,,,,N,,,,Y,N,,,Y,,,,,,,,1,,,,,Weblink,,,,,,,,,,,,,,,,,,N
1,,AL,SA12311,,,"1000 RPM PTO SHAFT 1 3/4"" SPLINE",,0,0,0,0,630,,,,,,SA12311,,0,1,N,N,EA,EA,EA,1,1,630,630,,630,630,630,630,630,45,30,441,441,441,441,441,441,,X,0,,0,,,,,,0,,12/28/18,12/28/18,,,,,,0,0,0,0,0,0,0,0,0,0,0,0,0,,,,,,,,,,,,,,,,,,,,0,0,0,0,0,0,0,0,0,0,0,0,0,,,,0,0,0,,,0,0,0,0,0,,,,,,EA,,0,,0,0,Y,,,,,54,LB,N,,,,,,,,,N,,0,0,,,0,0,0,Y,O,Y,12/28/18,,,0,0,,,,,,,,,,,,,,,,,,,,,,N,,,,Y,N,,,Y,,,,,,,,1,,,,,Weblink,,,,,,,,,,,,,,,,,,N
1,,AL,SA12320,,,"1000 RPM PTO SHAFT 1 3/4"" SPLINE",,0,0,0,0,990,,,,,,SA12320,,0,1,N,N,EA,EA,EA,1,1,990,990,,990,990,990,990,990,45,30,693,693,693,693,693,693,,X,0,,0,,,,,,0,,12/28/18,12/28/18,,,,,,0,0,0,0,0,0,0,0,0,0,0,0,0,,,,,,,,,,,,,,,,,,,,0,0,0,0,0,0,0,0,0,0,0,0,0,,,,0,0,0,,,0,0,0,0,0,,,,,,EA,,0,,0,0,Y,,,,,65,LB,N,,,,,,,,,N,,0,0,,,0,0,0,Y,O,Y,12/28/18,,,0,0,,,,,,,,,,,,,,,,,,,,,,N,,,,Y,N,,,Y,,,,,,,,1,,,,,Weblink,,,,,,,,,,,,,,,,,,N
1,,AL,64863-006,,,200 AMP 240 2-POLE TRANSFER SWIT,,0,0,0,0,1100,,,,,,64863-006,,0,1,N,N,EA,EA,EA,1,1,1100,1100,,1100,1100,1100,1100,1100,45,30,770,770,770,770,770,770,,X,0,,0,,,,,,0,,12/28/18,12/28/18,,,,,,0,0,0,0,0,0,0,0,0,0,0,0,0,,,,,,,,,,,,,,,,,,,,0,0,0,0,0,0,0,0,0,0,0,0,0,,,,0,0,0,,,0,0,0,0,0,,,,,,EA,,0,,0,0,Y,,,,,70,LB,N,,,,,,,,,N,,0,0,,,0,0,0,Y,O,Y,12/28/18,,,0,0,,,,,,,,,,,,,,,,,,,,,,N,,,,Y,N,,,Y,,,,,,,,1,,,,,Weblink,,,,,,,,,,,,,,,,,,N
1,34,AL,A50RC,,,"ALTERNATOR, PORTABLE",,0,0,0,0,1190,34,,,,,2233900,,0,1,N,N,EA,EA,EA,1,1,1190,1190,,1190,,,,,0,100,712,712,712,0.001,0.001,0.001,,X,0,,0,,,,,,0,,,06/06/01,12/19/18,,,,,0,0,0,0,0,0,0,0,0,0,0,0,0,,,,,,,,,,,,,,,,,,,,0,0,0,0,0,0,0,0,0,0,0,0,0,,,,0,0,0,,,0,0,0,0,0,,,,,,EA,,0,,0,0,Y,,,,1,,LB,N,,,,,,,,,N,,0,0,,,0,0,0,Y,O,Y,,,,0,0,,,,,,,,,,,,,,,,,,,,,,N,,,,Y,N,,,Y,,,,,,,,1,,,,,Weblink,,,,,,,,,,,,,,,,,,N
1,,AL,TDM76,,,SMALL PTO TRAILER,,0,0,0,0,300,,,,,,TDM76,,0,1,N,N,EA,EA,EA,1,1,300,300,,300,300,300,300,300,45,30,210,210,210,210,210,210,,X,0,,0,,,,,,0,,12/28/18,12/28/18,,,,,,0,0,0,0,0,0,0,0,0,0,0,0,0,,,,,,,,,,,,,,,,,,,,0,0,0,0,0,0,0,0,0,0,0,0,0,,,,0,0,0,,,0,0,0,0,0,,,,,,EA,,0,,0,0,Y,,,,,60,LB,N,,,,,,,,,N,,0,0,,,0,0,0,Y,O,Y,12/28/18,,,0,0,,,,,,,,,,,,,,,,,,,,,,N,,,,Y,N,,,Y,,,,,,,,1,,,,,Weblink,,,,,,,,,,,,,,,,,,N
1,,AL,TDM77,,,LARGE PTO TRAILER,,0,0,0,0,1350,,,,,,TDM77,,0,1,N,N,EA,EA,EA,1,1,1350,1350,,1350,1350,1350,1350,1350,45,30,945,945,945,945,945,945,,X,0,,0,,,,,,0,,12/28/18,12/28/18,,,,,,0,0,0,0,0,0,0,0,0,0,0,0,0,,,,,,,,,,,,,,,,,,,,0,0,0,0,0,0,0,0,0,0,0,0,0,,,,0,0,0,,,0,0,0,0,0,,,,,,EA,,0,,0,0,Y,,,,,282,LB,N,,,,,,,,,N,,0,0,,,0,0,0,Y,O,Y,12/28/18,,,0,0,,,,,,,,,,,,,,,,,,,,,,N,,,,Y,N,,,Y,,,,,,,,1,,,,,Weblink,,,,,,,,,,,,,,,,,,N
1,,AL,TPH241,,,3 POINT HITCH KIT WITH PTO SHAFT,,0,0,0,0,800,,,,,,TPH241,,0,1,N,N,EA,EA,EA,1,1,800,800,,800,800,800,800,800,45,30,560,560,560,560,560,560,,X,0,,0,,,,,,0,,12/28/18,12/28/18,,,,,,0,0,0,0,0,0,0,0,0,0,0,0,0,,,,,,,,,,,,,,,,,,,,0,0,0,0,0,0,0,0,0,0,0,0,0,,,,0,0,0,,,0,0,0,0,0,,,,,,EA,,0,,0,0,Y,,,,,142,LB,N,,,,,,,,,N,,0,0,,,0,0,0,Y,O,Y,12/28/18,,,0,0,,,,,,,,,,,,,,,,,,,,,,N,,,,Y,N,,,Y,,,,,,,,1,,,,,Weblink,,,,,,,,,,,,,,,,,,N
