1,,LQ,5150100201,,,SHUTTLE SAMPLING DEVICE,,0,0,0,0,5062.5,685,,,,,4276000,,0,1,N,N,UN,UN,UN,1,1,5062.5,5062.5,,5062.5,5062.5,5062.5,5062.5,5062.5,39.99,36.726,3037.5,3037.5,3037.5,3203.25,3203.25,3203.25,,X,0,,0,,02/21/13,,,,0,03/22/13,12/31/16,03/18/13,,,,,,0,0,0,0,0,0,0,0,0,0,0,0,0,,,,,,,,,,,,,,,,,,,,0,0,0,0,0,0,0,0,0,0,0,0,0,,,,0,0,0,,,0,0,0,0,0,,,,,,EA,,0,,0,0,Y,5338,,,1,,LB,N,,,,,,,,,N,,0,0,,,0,0,0,Y,O,Y,12/31/16,,,0,0,,,,,,,,,,,,,,,,,,,,,,N,,,,Y,N,,,Y,,,,,,,,1,,,,,Weblink,,,,,,,,,,,,,,,,,,N
1,,LQ,510040040030,,,"ASTRONAUT A4, RIGHT",,0,0,0,0,,685,,,,,1451800,,0,1,N,N,UN,UN,UN,1,1,,,,,,,,,45,0,,,,,,,,X,0,,0,,05/23/13,,,,0,12/27/12,,12/28/11,,,,,,0,0,0,0,0,0,0,0,0,0,0,0,0,,,,,,,,,,,,,,,,,,,,0,0,0,0,0,0,0,0,0,0,0,0,0,,,,0,0,0,,,0,0,0,0,0,,,,,,EA,,0,,0,0,Y,,,,1,,LB,N,,,,,,,,,N,,0,0,,,0,0,0,Y,O,Y,,,,0,0,,,,,,,,,,,,,,,,,,,,,,N,,,,Y,N,,,Y,,,,,,,,1,,,,,Weblink,,,,,,,,,,,,,,,,,,N
1,,LQ,511040040030,,,"ASTRONAUT A4, LEFT",,0,0,0,0,,685,,,,,4419000,,0,1,N,N,UN,UN,UN,1,1,,,,,,,,,45,0,,,,,,,,X,0,,0,,05/23/13,,,,0,09/27/12,,09/26/12,,,,,,0,0,0,0,0,0,0,0,0,0,0,0,0,,,,,,,,,,,,,,,,,,,,0,0,0,0,0,0,0,0,0,0,0,0,0,,,,0,0,0,,,0,0,0,0,0,,,,,,EA,,0,,0,0,Y,,,,1,,LB,N,,,,,,,,,N,,0,0,,,0,0,0,Y,O,Y,,,,0,0,,,,,,,,,,,,,,,,,,,,,,N,,,,Y,N,,,Y,,,,,,,,1,,,,,Weblink,,,,,,,,,,,,,,,,,,N
1,,LQ,511040011150,,,"ROBOT, ASTRONAUT A.4 LEFT",,0,0,0,0,,685,,,,,4456200,,0,1,N,N,UN,UN,UN,1,1,,,,,,,,,45,0,,,,0.001,0.001,0.001,,X,0,,0,,12/06/13,,,,0,12/30/13,,12/27/13,,,,,,0,0,0,0,0,0,0,0,0,0,0,0,0,,,,,,,,,,,,,,,,,,,,0,0,0,0,0,0,0,0,0,0,0,0,0,,,,0,0,0,,,0,0,0,0,0,,,,,,EA,,0,,0,0,Y,,,,1,,LB,N,,,,,,,,,N,,0,0,,,0,0,0,Y,O,Y,,,,0,0,,,,,,,,,,,,,,,,,,,,,,N,,,,Y,N,,,Y,,,,,,,,1,,,,,Weblink,,,,,,,,,,,,,,,,,,N
1,,LQ,9119748885,,,"AUTOMATIC FEEDER, LELY",,0,0,0,0,15937.5,685,,,,,5412000,,0,1,N,N,UN,UN,UN,1,1,15937.5,15937.5,,15937.5,15937.5,15937.5,15937.5,15937.5,25.08,21.734,9562.5,9562.5,9562.5,12473.625,12473.625,12473.625,,X,0,,0,,02/28/14,,,,0,03/31/14,12/30/17,03/26/14,,,,,,0,0,0,0,0,0,0,0,0,0,0,0,0,,,,,,,,,,,,,,,,,,,,0,0,0,0,0,0,0,0,0,0,0,0,0,,,,0,0,0,,,0,0,0,0,0,,,,,,EA,,0,,0,0,Y,16650,,,1,,LB,N,,,,,,,,,N,,0,0,,,0,0,0,Y,O,Y,12/30/17,,,0,0,,,,,,,,,,,,,,,,,,,,,,N,,,,Y,N,,,Y,,,,,,,,1,,,,,Weblink,,,,,,,,,,,,,,,,,,N
1,,LQ,5430200011,,,JUNO FEED PUSHER,,0,0,0,0,17500,685,,,,,5437000,,0,1,N,N,UN,UN,UN,1,1,17500,17500,,17500,17500,17500,17500,17500,25,32.161,11266.76,11266.76,11266.76,11871.78,11871.78,11871.78,,X,0,,0,,03/14/14,,,,0,12/30/13,02/13/17,12/11/13,,,,,,0,0,0,0,0,0,0,0,0,0,0,0,0,,,,,,,,,,,,,,,,,,,,0,0,0,0,0,0,0,0,0,0,0,0,0,,,,0,0,0,,,0,0,0,0,0,,,,,,EA,,0,,0,0,Y,15850,,,1,,LB,N,,,,,,,,,N,,0,0,,,0,0,0,Y,O,Y,,,,0,0,,,,,,,,,,,,,,,,,,,,,,N,,,,Y,N,,,Y,,,,,,,,1,,,,,Weblink,,,,,,,,,,,,,,,,,,N
1,,LQ,5230800101,,,COSMIX FEED UNIT,,0,0,0,0,6804,685,,,,,5037700,,0,1,N,N,UN,UN,UN,1,1,6804,6804,,6804,5411.93,4762.5,,,30,30.004,4762.5,4762.5,4762.5,4762.5,4762.5,4762.5,,X,0,,0,,05/19/14,,,,0,05/28/14,,05/22/14,,,,,,0,0,0,0,0,0,0,0,0,0,0,0,0,,,,,,,,,,,,,,,,,,,,0,0,0,0,0,0,0,0,0,0,0,0,0,,,,0,0,0,,,0,0,0,0,0,,,,,,EA,,0,,0,0,Y,,,,1,,LB,N,,,,,,,,,N,,0,0,,,0,0,0,Y,O,Y,,,,0,0,,,,,,,,,,,,,,,,,,,,,,N,,,,Y,N,,,Y,,,,,,,,1,,,,,Weblink,,,,,,,,,,,,,,,,,,N
1,,LQ,511040011227,,,"ROBOT, ASTRONAUT A4.1",,0,0,0,0,,685,,,,,4589700,,0,1,N,N,UN,UN,UN,1,1,,,,,,,,,45,0,0.001,0.001,0.001,0.001,0.001,0.001,,X,0,,0,,10/03/14,,,,0,10/30/14,,10/27/14,,,,,,0,0,0,0,0,0,0,0,0,0,0,0,0,,,,,,,,,,,,,,,,,,,,0,0,0,0,0,0,0,0,0,0,0,0,0,,,,0,0,0,,,0,0,0,0,0,,,,,,EA,,0,,0,0,Y,,,,1,,LB,N,,,,,,,,,N,,0,0,,,0,0,0,Y,O,Y,,,,0,0,,,,,,,,,,,,,,,,,,,,,,N,,,,Y,N,,,Y,,,,,,,,1,,,,,Weblink,,,,,,,,,,,,,,,,,,N
1,,LQ,5230800102,,,COSMIX CALF FEEDER,,0,0,0,0,9250,685,,,,,5063200,,0,1,N,N,UN,UN,UN,1,1,9250,9250,,9250,6307,5550,,,40,40,5550,5550,5550,5550,5550,5550,,X,0,,0,,10/15/14,,,,0,12/31/14,,11/07/14,,,,,,0,0,0,0,0,0,0,0,0,0,0,0,0,,,,,,,,,,,,,,,,,,,,0,0,0,0,0,0,0,0,0,0,0,0,0,,,,0,0,0,,,0,0,0,0,0,,,,,,EA,,0,,0,0,Y,,,,1,,LB,N,,,,,,,,,N,,0,0,,,0,0,0,Y,O,Y,,,,0,0,,,,,,,,,,,,,,,,,,,,,,N,,,,Y,N,,,Y,,,,,,,,1,,,,,Weblink,,,,,,,,,,,,,,,,,,N
1,,LQ,5430100011,,,"FEED PUSHER, JUNO",,0,0,0,0,24843.75,685,,,,,5340700,,0,1,N,N,UN,UN,UN,1,1,24843.75,24843.75,,24843.75,24843.75,24843.75,24843.75,24843.75,25,49.019,14906.25,14906.25,14906.25,12665.625,12665.625,12665.625,,X,0,,0,,10/15/14,,,,0,12/29/15,12/30/17,09/28/10,,,,,,0,0,0,0,0,0,0,0,0,0,0,0,0,,,,,,,,,,,,,,,,,,,,0,0,0,0,0,0,0,0,0,0,0,0,0,,,,0,1,0,,,0,0,0,0,0,,,,,,EA,,0,,-1,0,Y,21500,,,1,,LB,N,,,,,,,,,N,,0,0,,,0,0,0,Y,O,Y,12/30/17,,,0,0,,,,,,,,,,,,,,,,,,,,,,N,,,,Y,N,,,Y,685,5430100111,,,,,,1,,,,,Weblink,,,,,,,,,,,,,,,,,,N
1,,LQ,5230900101,,,COSMIX S IR,,0,0,0,0,4700,685,,,,,5230900101,,0,1,N,N,EA,EA,EA,1,1,4700,4700,,4700,4700,4700,4700,4700,45,23.936,3575,3575,3575,3575,3575,3575,,X,0,,0,,08/05/15,,,,0,09/30/15,07/31/15,07/31/15,,,,,,0,0,0,0,0,0,0,0,0,0,0,0,0,,,,,,,,,,,,,,,,,,,,0,0,0,0,0,0,0,0,0,0,0,0,0,,,,0,2,0,,,0,0,0,0,0,,,,,,EA,,0,,0,0,Y,,,,,,LB,N,,,,,,,,,N,,0,0,,,0,0,0,Y,O,Y,08/05/15,,,0,0,,,,,,,,,,,,,,,,,,,,,,N,,,,Y,N,,,Y,,,,,,,,1,,,,,Weblink,,,,,,,,,,,,,,,,,,N
1,,LQ,510040011362,,,ASTRONAUT A4.1 RIGHT,,0,0,0,0,99999,685,,,,,510040011362,,0,1,N,N,EA,EA,EA,1,1,99999,99999,,99999,99999,99999,99999,99999,45,3.94,96059.14,96059.14,96059.14,96059.14,96059.14,96059.14,,X,0,,0,,10/27/15,,,,0,10/28/15,10/27/15,10/27/15,,,,,,0,0,0,0,0,0,0,0,0,0,0,0,0,,,,,,,,,,,,,,,,,,,,0,0,0,0,0,0,0,0,0,0,0,0,0,,,,0,2,0,,,0,0,0,0,0,,,,,,EA,,0,,0,0,Y,,,,,,LB,N,,,,,,,,,N,,0,0,,,0,0,0,Y,O,Y,10/27/15,,,0,0,,,,,,,,,,,,,,,,,,,,,,N,,,,Y,N,,,Y,,,,,,,,1,,,,,Weblink,,,,,,,,,,,,,,,,,,N
1,,LQ,511040011362,,,ASTRONAUT A4.1 LEFT,,0,0,0,0,99999,685,,,,,511040011362,,0,1,N,N,EA,EA,EA,1,1,99999,99999,,99999,99999,99999,99999,99999,45,3.94,96059.14,96059.14,96059.14,96059.14,96059.14,96059.14,,X,0,,0,,10/27/15,,,,0,,10/27/15,10/27/15,,,,,,0,0,0,0,0,0,0,0,0,0,0,0,0,,,,,,,,,,,,,,,,,,,,0,0,0,0,0,0,0,0,0,0,0,0,0,,,,0,0,0,,,0,0,0,0,0,,,,,,EA,,0,,0,0,Y,,,,,,LB,N,,,,,,,,,N,,0,0,,,0,0,0,Y,O,Y,10/27/15,,,0,0,,,,,,,,,,,,,,,,,,,,,,N,,,,Y,N,,,Y,,,,,,,,1,,,,,Weblink,,,,,,,,,,,,,,,,,,N
1,,LQ,510040011227,,,"ROBOT, ASTRONAUT A4.1",,0,0,0,0,0.09,685,,,,,5023000,,0,1,N,N,UN,UN,UN,1,1,0.09,0.09,,0.09,0.09,0.09,0.09,0.09,45,-106988655.556,96289.88,96289.88,96289.88,96289.88,96289.88,96289.88,,X,0,,0,,10/27/15,,,,0,10/29/15,07/31/15,07/18/14,,,,,,0,0,0,0,0,0,0,0,0,0,0,0,0,,,,,,,,,,,,,,,,,,,,0,0,0,0,0,0,0,0,0,0,0,0,0,,,,0,3,0,,,0,0,0,0,0,,,,,,EA,,0,,0,0,Y,,,,1,,LB,N,,,,,,,,,N,,0,0,,,0,0,0,Y,O,Y,10/27/15,,,0,0,,,,,,,,,,,,,,,,,,,,,,N,,,,Y,N,,,Y,,,,,,,,1,,,,,Weblink,,,,,,,,,,,,,,,,,,N
1,,LQ,5410100511,,,"COW BRUSH, LUNA, LELY",,1,0,0,1,2093.75,685,,,,,4188300,,0,1,N,N,UN,UN,UN,1,1,2093.75,2093.75,,2093.75,2093.75,2093.75,2093.75,2093.75,50.29,60.368,1256.25,1256.25,1256.25,829.788,829.788,829.788,,X,0,,0,,05/23/16,,,,0,07/29/16,11/14/18,08/10/10,,,,,,0,0,0,0,0,0,0,0,0,0,0,0,0,,,,,,,,,,,,,,,,,,,,0,0,0,0,0,0,0,0,0,0,0,0,0,,,,0,5,0,,,0,0,0,0,0,,,,,,EA,,0,,-1,0,Y,2095,,,1,,LB,N,,,,,,,,,N,,0,0,,,0,0,0,Y,O,Y,12/31/16,,,0,0,,,,,,,,,,,,,,,,,,,,,,N,,,,Y,N,,,Y,,,,,,,,1,,,,,Weblink,,,,,,,,,,,,,,,,,,N
1,,LQ,511040011369,,,ASTRONAUT A4.1 LEFT,,0,0,0,0,99000,685,,,,,511040011369,,0,1,N,N,EA,EA,EA,1,1,99000,99000,,99000,99000,99000,99000,99000,45,8.567,90518.805,90518.805,90518.805,90518.81,90518.81,90518.81,,X,0,,0,,08/29/16,,,,0,10/04/16,08/29/16,08/29/16,,,,,,0,0,0,0,0,0,0,0,0,0,0,0,0,,,,,,,,,,,,,,,,,,,,0,0,0,0,0,0,0,0,0,0,0,0,0,,,,0,1,0,,,0,0,0,0,0,,,,,,EA,,0,,0,0,Y,,,,,,LB,N,,,,,,,,,N,,0,0,,,0,0,0,Y,O,Y,08/29/16,,,0,0,,,,,,,,,,,,,,,,,,,,,,N,,,,Y,N,,,Y,,,,,,,,1,,,,,Weblink,,,,,,,,,,,,,,,,,,N
1,,LQ,511040011461,,,ASTRONAUT A4.1 LEFT,,0,0,0,0,,685,,,,,511040011461,,0,1,N,N,EA,EA,EA,1,1,,,,,,,,,45,0,94089.16,94089.16,94089.16,94089.16,94089.16,94089.16,,X,0,,0,,04/27/17,,,,0,04/27/17,,04/27/17,,,,,,0,0,0,0,0,0,0,0,0,0,0,0,0,,,,,,,,,,,,,,,,,,,,0,0,0,0,0,0,0,0,0,0,0,0,0,,,,0,1,0,,,0,0,0,0,0,,,,,,EA,,0,,0,0,Y,,,,,,LB,N,,,,,,,,,N,,0,0,,,0,0,0,Y,O,Y,04/27/17,,,0,0,,,,,,,,,,,,,,,,,,,,,,N,,,,Y,N,,,Y,,,,,,,,1,,,,,Weblink,,,,,,,,,,,,,,,,,,N
1,,LQ,8153605848,,,ATLAS COPCO SF8,,0,0,0,0,24300,685,,,,,8153605848,,0,1,N,N,EA,EA,EA,1,1,24300,24300,,24300,24300,24300,24300,24300,45,25.414,17801.344,17801.344,17801.344,18124.401,18124.401,18124.401,,X,0,,0,,10/26/17,,,,0,11/13/17,10/13/17,10/13/17,,,,,,0,0,0,0,0,0,0,0,0,0,0,0,0,,,,,,,,,,,,,,,,,,,,0,0,0,0,0,0,0,0,0,0,0,0,0,,,,0,4,0,,,0,0,0,0,0,,,,,,EA,,0,,0,0,Y,,,,,,LB,N,,,,,,,,,N,,0,0,,,0,0,0,Y,O,Y,10/26/17,,,0,0,,,,,,,,,,,,,,,,,,,,,,N,,,,Y,N,,,Y,,,,,,,,1,,,,,Weblink,,,,,,,,,,,,,,,,,,N
1,,LQ,510040011439,,,ASTRONAUT A4.1 RIGHT FAMILY,,0,0,0,0,99999,685,,,,,510040011439,,0,1,N,N,EA,EA,EA,1,1,99999,99999,,99999,99999,99999,99999,99999,45,13.46,86539.503,86539.503,86539.503,86539.503,86539.503,86539.503,,X,0,,0,,10/26/17,,,,0,10/26/17,10/24/16,10/24/16,,,,,,0,0,0,0,0,0,0,0,0,0,0,0,0,,,,,,,,,,,,,,,,,,,,0,0,0,0,0,0,0,0,0,0,0,0,0,,,,0,4,0,,,0,0,0,0,0,,,,,,EA,,0,,0,0,Y,,,,,,LB,N,,,,,,,,,N,,0,0,,,0,0,0,Y,O,Y,10/26/17,,,0,0,,,,,,,,,,,,,,,,,,,,,,N,,,,Y,N,,,Y,,,,,,,,1,,,,,Weblink,,,,,,,,,,,,,,,,,,N
1,,LQ,US2891057,,,FL SWITCH 1924,,0,0,0,0,1460,685,,,,,US2891057,,0,1,N,N,EA,EA,EA,1,1,1460,1460,,1460,1460,1460,1460,1460,45,39.471,876,876,876,883.727,883.727,883.727,,X,0,,0,,11/15/17,,,,0,11/17/17,12/30/17,10/26/17,,,,,,0,0,0,0,0,0,0,0,0,0,0,0,0,,,,,,,,,,,,,,,,,,,,0,0,0,0,0,0,0,0,0,0,0,0,0,,,,0,2,0,,,0,0,0,0,0,,,,,,EA,,0,,0,0,Y,1095,,,,,LB,N,,,,,,,,,N,,0,0,,,0,0,0,Y,O,Y,12/30/17,,,0,0,,,,,,,,,,,,,,,,,,,,,,N,,,,Y,N,,,Y,,,,,,,,1,,,,,Weblink,,,,,,,,,,,,,,,,,,N
1,,LQ,511040011454,,,ASTRONAUT A4.1 LEFT,,0,0,0,0,99999.99,685,,,,,511040011454,,0,1,N,N,EA,EA,EA,1,1,99999.99,99999.99,,99999.99,99999.99,99999.99,99999.99,99999.99,45,16.303,83697.206,83697.206,83697.206,83697.206,83697.206,83697.206,,X,0,,0,,11/15/17,,,,0,,11/15/17,11/15/17,,,,,,0,0,0,0,0,0,0,0,0,0,0,0,0,,,,,,,,,,,,,,,,,,,,0,0,0,0,0,0,0,0,0,0,0,0,0,,,,0,0,0,,,0,0,0,0,0,,,,,,EA,,0,,0,0,Y,,,,,,LB,N,,,,,,,,,N,,0,0,,,0,0,0,Y,O,Y,11/15/17,,,0,0,,,,,,,,,,,,,,,,,,,,,,N,,,,Y,N,,,Y,,,,,,,,1,,,,,Weblink,,,,,,,,,,,,,,,,,,N
1,,LQ,510040011454,,,ASTRONAUT A4.1 RIGHT,,0,0,0,0,99999.99,685,,,,,510040011454,,0,1,N,N,EA,EA,EA,1,1,99999.99,99999.99,,99999.99,99999.99,99999.99,99999.99,99999.99,45,16.303,83697.206,83697.206,83697.206,83697.206,83697.206,83697.206,,X,0,,0,,11/15/17,,,,0,11/17/17,11/15/17,11/15/17,,,,,,0,0,0,0,0,0,0,0,0,0,0,0,0,,,,,,,,,,,,,,,,,,,,0,0,0,0,0,0,0,0,0,0,0,0,0,,,,0,6,0,,,0,0,0,0,0,,,,,,EA,,0,,0,0,Y,,,,,,LB,N,,,,,,,,,N,,0,0,,,0,0,0,Y,O,Y,11/15/17,,,0,0,,,,,,,,,,,,,,,,,,,,,,N,,,,Y,N,,,Y,,,,,,,,1,,,,,Weblink,,,,,,,,,,,,,,,,,,N
1,,LQ,510040011541,,,ASTRONAUT A4.1 RIGHT,,0,0,0,0,99999,685,,,,,510040011541,,0,1,N,N,EA,EA,EA,1,1,99999,99999,,99999,99999,99999,99999,99999,45,5.969,94030.5,94030.5,94030.5,94030.5,94030.5,94030.5,,X,0,,0,,12/13/17,,,,0,12/27/17,12/13/17,12/13/17,,,,,,0,0,0,0,0,0,0,0,0,0,0,0,0,,,,,,,,,,,,,,,,,,,,0,0,0,0,0,0,0,0,0,0,0,0,0,,,,0,6,0,,,0,0,0,0,0,,,,,,EA,,0,,0,0,Y,,,,,,LB,N,,,,,,,,,N,,0,0,,,0,0,0,Y,O,Y,12/13/17,,,0,0,,,,,,,,,,,,,,,,,,,,,,N,,,,Y,N,,,Y,,,,,,,,1,,,,,Weblink,,,,,,,,,,,,,,,,,,N
1,,LQ,CAN06000,,,5 HP Phase Converter,CAN06000,0,0,0,0,2866.67,685,,,,,1428200,,0,1,N,N,UN,UN,UN,1,1,2866.67,2866.67,,2866.67,2866.67,2866.67,2866.67,2866.67,25,100,1720,1720,1720,0.001,0.001,0.001,,X,0,,0,,12/27/17,,,,0,12/30/19,11/14/18,09/28/11,,,,,,0,0,0,0,0,0,0,0,0,0,0,0,0,,,,,,,,,,,,,,,,,,,,0,0,0,0,0,0,0,0,0,0,0,0,0,,,,0,8,0,,,0,0,0,0,0,,,,,,EA,,0,,0,0,Y,2866.67,,,1,,LB,N,,,,,,,,,N,,0,0,,,0,0,0,Y,O,Y,12/27/17,,,0,0,,,,,,,,,,,,,,,,,,,,,,N,,,,Y,N,,,Y,,,,,,,,1,,,,,Weblink,,,,,,,,,,,,,,,,,,N
1,,LQ,5100468390,,,FLOOR,,4,0,0,4,933.33,685,,,,,5100468390,,0,1,N,N,EA,EA,EA,1,1,933.33,933.33,,933.33,933.33,933.33,933.33,933.33,39.99,41.596,560,560,560,545.106,545.106,545.106,,X,0,,0,,01/08/18,,,,0,01/31/18,11/14/18,12/31/16,,,,,,0,0,0,0,0,0,0,0,0,0,0,0,0,,,,,,,,,,,,,,,,,,,,0,0,0,0,0,0,0,0,0,0,0,0,0,,,,0,4,0,,,0,0,0,0,0,,,,,,EA,,0,,0,0,Y,933.33,,,,,LB,N,,,,,,,,,N,,0,0,,,0,0,0,Y,O,Y,11/14/18,,,0,0,,,,,,,,,,,,,,,,,,,,,,N,,,,Y,N,,,Y,,,,,,,3,1,,,,,Weblink,,,,,,,,,,,,,,,,,,N
1,,LQ,510040011369,,,ASTRONAUT A4.1 LEFT,,0,0,0,0,99999,685,,,,,510040011369,,0,1,N,N,EA,EA,EA,1,1,99999,99999,,99999,99999,99999,99999,99999,45,99.519,481.424,481.424,481.424,481.424,481.424,481.424,,X,0,,0,,04/16/18,,,,0,04/23/18,10/27/15,10/27/15,,,,,,0,0,0,0,0,0,0,0,0,0,0,0,0,,,,,,,,,,,,,,,,,,,,0,0,0,0,0,0,0,0,0,0,0,0,0,,,,0,2,0,,,0,0,0,0,0,,,,,,EA,,0,,0,0,Y,,,,,,LB,N,,,,,,,,,N,,0,0,,,0,0,0,Y,O,Y,04/16/18,,,0,0,,,,,,,,,,,,,,,,,,,,,,N,,,,Y,N,,,Y,,,,,,,,1,,,,,Weblink,,,,,,,,,,,,,,,,,,N
1,,LQ,511040011403,,,ASTRONAUT A4.1 LEFT FAMILY UNIT,,0,0,0,0,99999,685,,,,,511040011403,,0,1,N,N,EA,EA,EA,1,1,99999,99999,,99999,99999,99999,99999,99999,45,6.448,93550.68,93550.68,93550.68,93550.68,93550.68,93550.68,,X,0,,0,,07/06/18,,,,0,07/25/18,07/06/18,07/06/18,,,,,,0,0,0,0,0,0,0,0,0,0,0,0,0,,,,,,,,,,,,,,,,,,,,0,0,0,0,0,0,0,0,0,0,0,0,0,,,,0,1,0,,,0,0,0,0,0,,,,,,EA,,0,,0,0,Y,,,,,,LB,N,,,,,,,,,N,,0,0,,,0,0,0,Y,O,Y,07/06/18,,,0,0,,,,,,,,,,,,,,,,,,,,,,N,,,,Y,N,,,Y,,,,,,,,1,,,,,Weblink,,,,,,,,,,,,,,,,,,N
1,,LQ,511040011439,,,ASTRONAUT A4.1 LEFT FAMILY,,0,0,0,0,99999.99,685,,,,,511040011439,,0,1,N,N,EA,EA,EA,1,1,99999.99,99999.99,,99999.99,99999.99,99999.99,99999.99,99999.99,45,25.376,74624,74624,74624,74624,74624,74624,,X,0,,0,,09/17/18,,,,0,09/25/18,10/26/17,10/26/17,,,,,,0,0,0,0,0,0,0,0,0,0,0,0,0,,,,,,,,,,,,,,,,,,,,0,0,0,0,0,0,0,0,0,0,0,0,0,,,,0,6,0,,,0,0,0,0,0,,,,,,EA,,0,,0,0,Y,,,,,,LB,N,,,,,,,,,N,,0,0,,,0,0,0,Y,O,Y,09/17/18,,,0,0,,,,,,,,,,,,,,,,,,,,,,N,,,,Y,N,,,Y,,,,,,,,1,,,,,Weblink,,,,,,,,,,,,,,,,,,N
1,,LQ,511050010138,,,"ROBOT, ASTRONAUT A5 LH",,0,0,0,0,,685,,,,,511050010138,,0,1,N,N,EA,EA,EA,1,1,,,,,,,,,45,0,98201.848,98201.848,98201.848,98201.848,98201.848,98201.848,,X,0,,0,,10/26/18,,,,0,10/29/18,,10/10/18,,,,,,0,0,0,0,0,0,0,0,0,0,0,0,0,,,,,,,,,,,,,,,,,,,,0,0,0,0,0,0,0,0,0,0,0,0,0,,,,0,2,0,,,0,0,0,0,0,,,,,,EA,,0,,0,0,Y,,,,,,LB,N,,,,,,,,,N,,0,0,,,0,0,0,Y,O,Y,10/26/18,,,0,0,,,,,,,,,,,,,,,,,,,,,,N,,,,Y,N,,,Y,,,,,,,,1,,,,,Weblink,,,,,,,,,,,,,,,,,,N
1,,LQ,510040601035,,,CENTRAL UNIT A4,,0,0,0,0,93180,685,,,,,510040601035,,0,1,N,N,EA,EA,EA,1,1,93180,93180,,93180,93180,93180,93180,93180,45,58.796,38393.86,38393.86,38393.86,38393.86,38393.86,38393.86,,X,0,,0,,11/29/18,,,,0,11/30/18,10/27/15,03/13/15,,,,,,0,0,0,0,0,0,0,0,0,0,0,0,0,,,,,,,,,,,,,,,,,,,,0,0,0,0,0,0,0,0,0,0,0,0,0,,,,0,24,0,,,0,0,0,0,0,,,,,,EA,,0,,0,0,Y,38000,,,,,LB,N,,,,,,,,,N,,0,0,,,0,0,0,Y,O,Y,11/29/18,,,0,0,,,,,,,,,,,,,,,,,,,,,,N,,,,Y,N,,,Y,,,,,,,,1,,,,,Weblink,,,,,,,,,,,,,,,,,,N
1,,LQ,510040011346,,,"ASTRONAUT, A4, RIGHT",,0,0,0,0,99999,685,,,,,510040011346,,0,1,N,N,EA,EA,EA,1,1,99999,99999,,99999,99999,99999,99999,99999,45,9.089,90909.73,90909.73,90909.73,90909.73,90909.73,90909.73,,X,0,,0,,11/29/18,,,,0,11/30/18,03/13/15,03/13/15,,,,,,0,0,0,0,0,0,0,0,0,0,0,0,0,,,,,,,,,,,,,,,,,,,,0,0,0,0,0,0,0,0,0,0,0,0,0,,,,0,6,0,,,0,0,0,0,0,,,,,,EA,,0,,0,0,Y,,,,,,LB,N,,,,,,,,,N,,0,0,,,0,0,0,Y,O,Y,07/20/17,,,0,0,,,,,,,,,,,,,,,,,,,,,,N,,,,Y,N,,,Y,,,,,,,,1,,,,,Weblink,,,,,,,,,,,,,,,,,,N
1,,LQ,511040011346,,,ASTRONAUT A4.1 LEFT,,0,0,0,0,99999,685,,,,,511040011346,,0,1,N,N,EA,EA,EA,1,1,99999,99999,,99999,99999,99999,99999,99999,45,9.089,90909.73,90909.73,90909.73,90909.73,90909.73,90909.73,,X,0,,0,,11/29/18,,,,0,11/30/18,03/30/16,03/30/16,,,,,,0,0,0,0,0,0,0,0,0,0,0,0,0,,,,,,,,,,,,,,,,,,,,0,0,0,0,0,0,0,0,0,0,0,0,0,,,,0,2,0,,,0,0,0,0,0,,,,,,EA,,0,,0,0,Y,,,,,,LB,N,,,,,,,,,N,,0,0,,,0,0,0,Y,O,Y,07/20/17,,,0,0,,,,,,,,,,,,,,,,,,,,,,N,,,,Y,N,,,Y,,,,,,,,1,,,,,Weblink,,,,,,,,,,,,,,,,,,N
1,,LQ,510050010215,,,ASTRONAUT A5 RH,,0,0,0,0,,685,,,,,510050010215,,0,1,N,N,EA,EA,EA,1,1,,,,,,,,,45,0,95192.43,95192.43,95192.43,95192.43,95192.43,95192.43,,X,0,,0,,12/26/18,,,,0,12/26/18,,12/26/18,,,,,,0,0,0,0,0,0,0,0,0,0,0,0,0,,,,,,,,,,,,,,,,,,,,0,0,0,0,0,0,0,0,0,0,0,0,0,,,,0,2,0,,,0,0,0,0,0,,,,,,EA,,0,,0,0,Y,,,,,,LB,N,,,,,,,,,N,,0,0,,,0,0,0,Y,O,Y,12/26/18,,,0,0,,,,,,,,,,,,,,,,,,,,,,N,,,,Y,N,,,Y,,,,,,,,1,,,,,Weblink,,,,,,,,,,,,,,,,,,N
1,,LQ,5400600201,,,DISCOVERY 90 SW LELY CONTROL,,0,0,0,0,26250,685,,,,,5400600201,,0,1,N,N,EA,EA,EA,1,1,26250,26250,,26250,26250,26250,26250,26250,45,41.8,15277.5,15277.5,15277.5,15277.5,15277.5,15277.5,,X,0,,0,,02/28/19,,,,0,02/28/19,12/30/17,01/10/17,,,,,,0,0,0,0,0,0,0,0,0,0,0,0,0,,,,,,,,,,,,,,,,,,,,0,0,0,0,0,0,0,0,0,0,0,0,0,,,,0,2,0,,,0,0,0,0,0,,,,,,EA,,0,,0,0,Y,21000,,,,,LB,N,,,,,,,,,N,,0,0,,,0,0,0,Y,O,Y,02/28/19,,,0,0,,,,,,,,,,,,,,,,,,,,,,N,,,,Y,N,,,Y,,,,,,,,1,,,,,Weblink,,,,,,,,,,,,,,,,,,N
1,,LQ,510050010138,,,ASTRONAUT A5 RH,,0,0,0,0,99999,685,,,,,510050010138,,0,1,N,N,EA,EA,EA,1,1,99999,99999,,99999,99999,99999,99999,99999,45,2.529,97469.67,97469.67,97469.67,97469.67,97469.67,97469.67,,X,0,,0,,02/28/19,,,,0,02/28/19,02/28/19,02/28/19,,,,,,0,0,0,0,0,0,0,0,0,0,0,0,0,,,,,,,,,,,,,,,,,,,,0,0,0,0,0,0,0,0,0,0,0,0,0,,,,0,2,0,,,0,0,0,0,0,,,,,,EA,,0,,0,0,Y,,,,,,LB,N,,,,,,,,,N,,0,0,,,0,0,0,Y,O,Y,02/28/19,,,0,0,,,,,,,,,,,,,,,,,,,,,,N,,,,Y,N,,,Y,,,,,,,,1,,,,,Weblink,,,,,,,,,,,,,,,,,,N
1,,LQ,5430303001,,,JUNO FLEX PACKAGE,,0,0,0,0,21035,685,,,,,5430303001,,0,1,N,N,EA,EA,EA,1,1,21035,21035,,21035,21035,21035,21035,21035,45,24.195,15945.55,15945.55,15945.55,15945.55,15945.55,15945.55,,X,0,,0,,05/07/19,,,,0,05/31/19,01/31/19,01/31/19,,,,,,0,0,0,0,0,0,0,0,0,0,0,0,0,,,,,,,,,,,,,,,,,,,,0,0,0,0,0,0,0,0,0,0,0,0,0,,,,0,3,0,,,0,0,0,0,0,,,,,,EA,,0,,0,0,Y,,,,,,LB,N,,,,,,,,,N,,0,0,,,0,0,0,Y,O,Y,05/07/19,,,0,0,,,,,,,,,,,,,,,,,,,,,,N,,,,Y,N,,,Y,,,,,,,,1,,,,,Weblink,,,,,,,,,,,,,,,,,,N
1,P4363,LQ,5100467620,,,Power cable CRS M3 L:appr. 20m,,3,0,0,3,109.67,685,,,,,5100467620,,0,1,N,N,EA,EA,EA,1,1,109.67,109.67,,109.67,109.67,109.67,109.67,109.67,40,39.993,65.8,65.8,65.8,65.81,65.81,65.81,,X,0,,0,,06/05/19,,,,0,06/26/19,11/14/18,12/31/16,12/19/18,,,,,0,0,0,0,0,0,0,0,0,0,0,0,0,,,,,,,,,,,,,,,,,,,,0,0,0,0,0,0,0,0,0,0,0,0,0,,,,0,5,0,,,0,0,0,0,0,,,,,,EA,,0,,0,0,Y,109.67,,,,,LB,N,,,,,,,,,N,,0,0,,,0,0,0,Y,O,Y,06/05/19,,,0,0,,,,,,,,,,,,,,,,,,,,,,N,,,,Y,N,,,Y,,,,,,,2,1,,,,,Weblink,,,,,,,,,,,,,,,,,,N
1,,LQ,5100411000,,,M4USE ass.,5.1004.1100.0,-1,0,0,-1,3000,685,,,,,4202300,,0,1,N,N,UN,UN,UN,1,1,3000,3000,,3000,3000,3000,3000,3000,39.93,37.985,1860.446,1860.446,1860.446,1860.446,1860.446,1860.446,,X,0,,0,,07/03/19,,,,0,07/26/19,11/14/18,12/26/12,,,,,,0,0,0,0,0,0,0,0,0,0,0,0,0,,,,,,,,,,,,,,,,,,,,0,0,0,0,0,0,0,0,0,0,0,0,0,,,,0,8,0,,,0,0,0,0,0,,,,,,EA,,0,,-1,0,Y,3000,,,1,,LB,N,,,,,,,,,N,,0,0,,,0,0,0,Y,O,Y,07/03/19,,,0,0,,,,,,,,,,,,,,,,,,,,,,N,,,,Y,N,,,Y,,,,,,,,1,,,,,Weblink,,,,,,,,,,,,,,,,,,N
1,,LQ,510050010264,,,ASTRONAUT A5 RH,,0,0,0,0,99999,685,,,,,510050010264,,0,1,N,N,EA,EA,EA,1,1,99999,99999,,99999,99999,99999,99999,99999,45,.,99999,99999,99999,99999,99999,99999,,X,0,,0,,09/16/19,,,,0,09/18/19,06/26/19,06/26/19,,,,,,0,0,0,0,0,0,0,0,0,0,0,0,0,,,,,,,,,,,,,,,,,,,,0,0,0,0,0,0,0,0,0,0,0,0,0,,,,0,3,0,,,0,0,0,0,0,,,,,,EA,,0,,0,0,Y,,,,,,LB,N,,,,,,,,,N,,0,0,,,0,0,0,Y,O,Y,09/16/19,,,0,0,,,,,,,,,,,,,,,,,,,,,,N,,,,Y,N,,,Y,,,,,,,,1,,,,,Weblink,,,,,,,,,,,,,,,,,,N
1,,LQ,510050010300,,,ASTRONAUT A5 RH,,0,0,0,0,99999,685,,,,,510050010300,,0,1,N,N,EA,EA,EA,1,1,99999,99999,,99999,99999,99999,99999,99999,45,9.46,90539.17,90539.17,90539.17,90539.17,90539.17,90539.17,,X,0,,0,,12/17/19,,,,0,12/17/19,12/17/19,12/17/19,,,,,,0,0,0,0,0,0,0,0,0,0,0,0,0,,,,,,,,,,,,,,,,,,,,0,0,0,0,0,0,0,0,0,0,0,0,0,,,,0,2,0,,,0,0,0,0,0,,,,,,EA,,0,,0,0,Y,,,,,,LB,N,,,,,,,,,N,,0,0,,,0,0,0,Y,O,Y,12/17/19,,,0,0,,,,,,,,,,,,,,,,,,,,,,N,,,,Y,N,,,Y,,,,,,,,1,,,,,Weblink,,,,,,,,,,,,,,,,,,N
1,,LQ,511050010300,,,ASTRONAUT A5 LH,,0,0,0,0,99999,685,,,,,511050010300,,0,1,N,N,EA,EA,EA,1,1,99999,99999,,99999,99999,99999,99999,99999,45,6.451,96556.735,96556.735,96556.735,93547.953,93547.953,93547.953,,X,0,,0,,12/17/19,,,,0,12/17/19,05/07/19,05/07/19,,,,,,0,0,0,0,0,0,0,0,0,0,0,0,0,,,,,,,,,,,,,,,,,,,,0,0,0,0,0,0,0,0,0,0,0,0,0,,,,0,4,0,,,0,0,0,0,0,,,,,,EA,,0,,0,0,Y,,,,,,LB,N,,,,,,,,,N,,0,0,,,0,0,0,Y,O,Y,12/17/19,,,0,0,,,,,,,,,,,,,,,,,,,,,,N,,,,Y,N,,,Y,,,,,,,,1,,,,,Weblink,,,,,,,,,,,,,,,,,,N
1,,LQ,5430200201,,,JUNO 100 WITH LELY CONTROL ASSY,,0,0,0,0,15750,685,,,,,5430200201,,0,1,N,N,EA,EA,EA,1,1,15750,15750,,15750,15750,15750,15750,15750,45,100,,,,0.001,0.001,0.001,,X,0,,0,,01/09/20,,,,0,01/09/20,08/31/15,08/31/15,,,,,,0,0,0,0,0,0,0,0,0,0,0,0,0,,,,,,,,,,,,,,,,,,,,0,0,0,0,0,0,0,0,0,0,0,0,0,,,,0,11,0,,,0,0,0,0,0,,,,,,EA,,0,,-1,0,Y,,,,,,LB,N,,,,,,,,,N,,0,0,,,0,0,0,Y,O,Y,01/09/20,,,0,0,,,,,,,,,,,,,,,,,,,,,,N,,,,Y,N,,,Y,,,,,,,,1,,,,,Weblink,,,,,,,,,,,,,,,,,,N
1,P4561,LQ,510020280S0,,,TEAT DETECTION SENSOR,5.1002.0280S0,-7,0,0,-7,1423.33,685,,,,,1404000,,0,1,N,N,UN,UN,UN,1,1,1423.33,1423.33,,1423.33,1423.33,1423.33,1423.33,1423.33,42.38,-22.884,1749.051,1749.051,1749.051,1749.051,1749.051,1749.051,,X,0,-2391.72,-1,-1010.65,07/23/20,0.423,,,0,07/29/20,01/13/22,05/17/12,12/19/18,,,,,0,0,0,0,0,0,0,0,0,0,-1,0,0,LTSH,,,,,,,,,,,,,,,,,,,0,0,0,0,-1,0,0,0,0,0,0,-1,-3,,,,0,-6,0,-1381.07,-1794.69,-1,-2518,-1795,-1795,0,,,,,,EA,,0,,7,0,Y,1750,,,1,,LB,N,,,,,,,,,N,,0,0,,,0,0,0,Y,O,Y,02/22/22,,,-1,0,,,,,,,,,,,,,,,,,,,,,,N,,,,Y,N,,,Y,,,,,,,,1,,,,,Weblink,,,,,,,,,,,,,,,,,,N
1,,LQ,8153612778,,,ATLAS COPCO SF4,,0,0,0,0,27186,685,,8.1536.1277.8,,,8153612778,,0,1,N,N,EA,EA,EA,1,1,27186,27186,,27186,27186,27186,27186,27186,45,69.102,8400,8400,8400,8400,8400,8400,,X,0,,0,,12/04/20,,,,0,12/30/20,06/26/19,06/17/15,,,,,,0,0,0,0,0,0,0,0,0,0,0,0,0,,,,,,,,,,,,,,,,,,,,0,0,0,0,0,0,0,0,0,0,0,1,0,,,,0,17,0,,,0,0,0,0,0,,,,,,EA,,0,,0,0,Y,15935,,,,,LB,N,,,,,,,,,N,,0,0,,,0,0,0,Y,O,Y,12/04/20,,,0,0,,,,,,,,,,,,,,,,,,,,,,N,,,,Y,N,,,Y,,,,,,,,1,,,,,Weblink,,,,,,,,,,,,,,,,,,N
1,,LQ,511050010415,,,ASTRONAUT A5 LH,,0,0,0,0,99999,685,,,,,511050010415,,0,1,N,N,EA,EA,EA,1,1,99999,99999,,99999,99999,99999,99999,99999,45,17.937,82062.69,82062.69,82062.69,82062.69,82062.69,82062.69,,X,0,,0,,12/04/20,,,,0,12/09/20,12/04/20,12/04/20,,,,,,0,0,0,0,0,0,0,0,0,0,0,0,0,,,,,,,,,,,,,,,,,,,,0,0,0,0,0,0,0,0,0,0,0,3,0,,,,0,3,0,,,0,0,0,0,0,,,,,,EA,,0,,0,0,Y,,,,,,LB,N,,,,,,,,,N,,0,0,,,0,0,0,Y,O,Y,12/04/20,,,0,0,,,,,,,,,,,,,,,,,,,,,,N,,,,Y,N,,,Y,,,,,,,,1,,,,,Weblink,,,,,,,,,,,,,,,,,,N
1,,LQ,9119704866,,,AUTOMATIC LELY CALF FEEDER,,0,0,0,0,25063.7,685,,,,,9119704866,,0,1,N,N,EA,EA,EA,1,1,25063.7,25063.7,,25063.7,25063.7,25063.7,25063.7,25063.7,45,30,17544.588,17544.588,17544.588,17544.588,17544.588,17544.588,,X,0,,0,,01/19/21,,,,0,02/26/21,02/26/21,01/19/21,,,,,,0,0,0,0,0,0,0,0,0,0,0,0,0,,,,,,,,,,,,,,,,,,,,0,0,0,0,0,0,0,0,0,4,0,0,0,,,,0,4,0,,,4,82832,70178,70178,0,,,,,,EA,,0,,0,0,Y,25000,,,,,LB,N,,,,,,,,,N,,0,0,,,0,0,0,Y,O,Y,01/19/21,,,0,0,,,,,,,,,,,,,,,,,,,,,,N,,,,Y,N,,,Y,,,,,,,,1,,,,,Weblink,,,,,,,,,,,,,,,,,,N
1,,LQ,5230900401,,,COSMIX,,0,0,0,0,5278,685,,,,,5230900401,,0,1,N,N,EA,EA,EA,1,1,5278,5278,,5278,5278,5278,5278,5278,45,31.9,3458.5,3458.5,3458.5,3594.3,3594.3,3594.3,,X,0,,0,,03/05/21,,,,0,04/30/21,02/09/21,01/28/21,,,,,,0,0,0,0,0,0,0,0,0,0,0,0,0,,,,,,,,,,,,,,,,,,,,0,0,0,0,0,0,0,1,1,0,0,0,0,,,,0,2,0,,,2,9389,7189,7189,0,,,,,,EA,,0,,-1,0,Y,,,,,,LB,N,,,,,,,,,N,,0,0,,,0,0,0,Y,O,Y,03/05/21,,,0,0,,,,,,,,,,,,,,,,,,,,,,N,,,,Y,N,,,Y,,,,,,,,1,,,,,Weblink,,,,,,,,,,,,,,,,,,N
1,,LQ,9119748951,,,FRONT PLATE W/TEAT SLIDER TOP,,3,0,0,3,769.37,685,,,,,9119748951,,0,1,N,N,EA,EA,EA,1,1,769.37,769.37,,769.37,769.37,769.37,769.37,769.37,45,25,577.03,577.03,577.03,577.03,577.03,577.03,,X,0,,0,,03/16/21,,,,0,,03/16/21,03/16/21,,,,,,0,0,0,0,0,0,0,0,0,0,0,0,0,,,,,,,,,,,,,,,,,,,,0,0,0,0,0,0,0,0,0,0,0,0,0,,,,0,0,0,,,0,0,0,0,0,,,,,,EA,,0,,0,0,Y,,,,,,LB,N,,,,,,,,,N,,0,0,,,0,0,0,Y,O,Y,03/16/21,,,0,0,,,,,,,,,,,,,,,,,,,,,,N,,,,Y,N,,,Y,,,,,,,2,1,,,,,Weblink,,,,,,,,,,,,,,,,,,N
1,,LQ,510052700009,,,CU A5,,0,0,0,0,52000,685,,,,,510052700009,,0,1,N,N,EA,EA,EA,1,1,52000,52000,,52000,52000,52000,52000,52000,45,43.051,29613.428,29613.428,29613.428,29613.428,29613.428,29613.428,,D,0,,0,,12/20/21,,,,0,12/21/21,10/26/18,10/26/18,,,,,,0,0,0,0,0,0,0,0,0,0,0,0,1,,,,,,,,,,,,,,,,,,,,0,0,0,0,0,0,0,0,0,0,0,2,0,,,,0,11,0,,,1,35563,29613,29613,0,,,,,,EA,,0,,0,0,Y,20510,,,,,LB,N,,,,,,,,,N,,0,0,,,0,0,0,Y,O,Y,12/20/21,,,0,0,,,,,,,,,,,,,,,,,,,,,,N,,,,Y,N,,,Y,,,,,,,,1,,,,,Weblink,,,,,,,,,,,,,,,,,,N
1,,LQ,510050010451,,,ASTRONAUT A5 RH,,0,0,0,0,99999,685,,,,,510050010451,,0,1,N,N,EA,EA,EA,1,1,99999,99999,,99999,99999,99999,99999,99999,45,9.153,90845.685,90845.685,90845.685,90845.685,90845.685,90845.685,,D,0,,0,,12/20/21,,,,0,12/21/21,12/20/21,12/20/21,,,,,,0,0,0,0,0,0,0,0,0,0,0,0,2,,,,,,,,,,,,,,,,,,,,0,0,0,0,0,0,0,0,0,0,0,0,0,,,,0,2,0,,,2,199999,181691,181691,0,,,,,,EA,,0,,0,0,Y,,,,,,LB,N,,,,,,,,,N,,0,0,,,0,0,0,Y,O,Y,12/20/21,,,0,0,,,,,,,,,,,,,,,,,,,,,,N,,,,Y,N,,,Y,,,,,,,,1,,,,,Weblink,,,,,,,,,,,,,,,,,,N
1,,LQ,8153612779,,,ATLAS COPCO SF4,,0,0,0,0,12773,685,,,,,8153612779,,0,1,N,N,EA,EA,EA,1,1,12773,12773,,12773,12773,12773,12773,12773,45,19.044,10340.512,10340.512,10340.512,10340.512,10340.512,10340.512,,D,0,,0,,12/20/21,,,,0,12/21/21,12/20/21,12/20/21,,,,,,0,0,0,0,0,0,0,0,0,0,0,0,1,,,,,,,,,,,,,,,,,,,,0,0,0,0,0,0,0,0,0,0,0,0,0,,,,0,1,0,,,1,26288,10341,10341,0,,,,,,EA,,0,,0,0,Y,,,,,,LB,N,,,,,,,,,N,,0,0,,,0,0,0,Y,O,Y,12/20/21,,,0,0,,,,,,,,,,,,,,,,,,,,,,N,,,,Y,N,,,Y,,,,,,,,1,,,,,Weblink,,,,,,,,,,,,,,,,,,N
1,,LQ,CENTRALUNIT,,,CENTRAL UNIT,,0,0,0,0,7000,685,,,,,CENTRALUNIT,,0,1,N,N,EA,EA,EA,1,1,7000,7000,,7000,7000,7000,7000,7000,45,71.429,2000,2000,2000,2000,2000,2000,,D,0,6500,1,4500,12/27/21,0.692,,,0,04/07/22,04/07/22,12/27/21,,,,,,0,0,0,0,0,0,0,0,1,0,0,0,0,,,,,,,,,,,,,,,,,,,,0,0,0,0,0,0,0,0,0,0,0,0,0,,,,0,1,1,2000,2000,0,0,0,0,0,,,,,,EA,,0,,0,0,Y,3000,,,,,LB,N,,,,,,,,,N,,0,0,,,0,0,0,Y,O,Y,12/27/21,,,1,0,,,,,,,,,,,,,,,,,,,,,,N,,,,Y,N,,,Y,,,,,,,,1,,,,,Weblink,,,,,,,,,,,,,,,,,,N
1,,LQ,A4ROBOT,,,A4 ROBOT,,0,0,0,0,50000,685,,,,,A4ROBOT,,0,1,N,N,EA,EA,EA,1,1,50000,50000,,50000,50000,50000,50000,50000,45,28,36000,36000,36000,36000,36000,36000,,C,0,90000,2,18000,12/27/21,0.2,,,0,04/07/22,12/27/21,12/27/21,,,,,,0,0,0,0,0,0,0,0,2,0,0,0,1,,,,,,,,,,,,,,,,,,,,0,0,0,0,0,0,0,0,0,0,0,0,0,,,,0,3,1,72000,72000,1,46000,36000,36000,0,,,,,,EA,,0,,0,0,Y,,,,,,LB,N,,,,,,,,,N,,0,0,,,0,0,0,Y,O,Y,12/27/21,,,2,0,,,,,,,,,,,,,,,,,,,,,,N,,,,Y,N,,,Y,,,,,,,,1,,,,,Weblink,,,,,,,,,,,,,,,,,,N
1,,LQ,511050021036,,,ASTRONAUT A5 LH,,0,0,0,0,99999.99,685,,,,,511050021036,,0,1,N,N,EA,EA,EA,1,1,99999.99,99999.99,,99999.99,99999.99,99999.99,99999.99,99999.99,45,23.223,76777.232,76777.232,76777.232,76777.232,76777.232,76777.232,,C,0,272385.66,3,42053.96,06/13/22,0.154,,,0,06/15/22,06/13/22,06/13/22,,,,,,0,0,0,0,0,0,3,0,0,0,0,0,0,,,,,,,,,,,,,,,,,,,,0,0,0,0,0,0,0,0,0,0,0,0,0,,,,0,3,1,230331.7,230331.7,0,0,0,0,0,,,,,,EA,,0,,0,0,Y,,,,,,LB,N,,,,,,,,,N,,0,0,,,0,0,0,Y,O,Y,06/13/22,,,3,0,,,,,,,,,,,,,,,,,,,,,,N,,,,Y,N,,,Y,,,,,,,,1,,,,,Weblink,,,,,,,,,,,,,,,,,,N
1,,LQ,US1000-6105,,,COMPRESSOR SRL 3.7,,0,0,0,0,23150,685,,,,,US1000-6105,,0,1,N,N,EA,EA,EA,1,1,23150,23150,,23150,23150,23150,23150,23150,45,24.994,17363.8,17363.8,17363.8,17363.8,17363.8,17363.8,,D,0,23150,1,5786.2,06/14/22,0.25,,,0,06/15/22,06/14/22,06/14/22,,,,,,0,0,0,0,0,0,1,0,0,0,0,0,0,,,,,,,,,,,,,,,,,,,,0,0,0,0,0,0,0,0,0,0,0,0,0,,,,0,1,1,17363.8,17363.8,0,0,0,0,0,,,,,,EA,,0,,0,0,Y,2325,,,,,LB,N,,,,,,,,,N,,0,0,,,0,0,0,Y,O,Y,06/14/22,,,1,0,,,,,,,,,,,,,,,,,,,,,,N,,,,Y,N,,,Y,,,,,,,,1,,,,,Weblink,,,,,,,,,,,,,,,,,,N
1,P4719,LQ,5100536590,,,MQC-C2 A5 RH,,2,0,0,2,4800,685,,,,,5100536590,,0,1,N,N,EA,EA,EA,1,1,4800,4800,,4800,4800,4800,4800,4800,45,32.272,3274.379,3274.379,3274.379,3250.941,3250.941,3250.941,,C,0,17152.44,4,4148.68,08/24/22,0.242,,,0,10/20/22,03/08/22,04/29/19,10/12/22,,,,,0,0,1,0,3,0,0,0,0,0,0,0,0,,,,,,,,,,,,,,,,,,,,0,0,0,0,0,0,0,0,0,0,0,0,0,,,,0,9,4,13003.76,13003.76,0,0,0,0,0,,,,,,EA,,0,,-2,0,Y,4500,,,,,LB,N,,,,,,,,,N,,0,0,,,0,0,0,Y,O,Y,08/24/22,0.64,2.01,4,0,,,,,,,,,,,,,,,,,,,,,,N,,,,Y,N,,,Y,,,,,,,1,1,,,,,Weblink,,,,,,,,,,,,,,,,,,N
1,,LQ,US02250258-804,,,TANK MOUNTED SRL 3.7 W/DRYER,,-1,0,0,-1,15650,685,,,,,US02250258-804,,0,1,N,N,EA,EA,EA,1,1,15650,15650,,15650,15650,15650,15650,15650,45,29.725,10998.02,10998.02,10998.02,10998.02,10998.02,10998.02,,D,0,29735,2,7738.96,08/24/22,0.26,,,0,09/26/22,08/24/22,08/24/22,,,,,,0,0,0,1,1,0,0,0,0,0,0,0,0,,,,,,,,,,,,,,,,,,,,0,0,0,0,0,0,0,0,0,0,0,0,0,,,,0,2,2,21996.04,21996.04,0,0,0,0,0,,,,,,EA,,0,,0,0,Y,,,,,,LB,N,,,,,,,,,N,,0,0,,,0,0,0,Y,O,Y,08/24/22,,,2,0,,,,,,,,,,,,,,,,,,,,,,N,,,,Y,N,,,Y,,,,,,,,1,,,,,Weblink,,,,,,,,,,,,,,,,,,N
1,,LQ,2250258804,,,TANK MOUNTED SRL 3.7 W/DRYER,,1,0,0,1,16950,685,,,,,2250258804,,0,1,N,N,EA,EA,EA,1,1,16950,16950,,16950,16950,16950,16950,16950,45,30.033,11859.408,11859.408,11859.408,11859.408,11859.408,11859.408,,X,0,,0,,09/16/22,,,,0,,09/16/22,09/16/22,,,,,,0,0,0,0,0,0,0,0,0,0,0,0,0,,,,,,,,,,,,,,,,,,,,0,0,0,0,0,0,0,0,0,0,0,0,0,,,,0,0,0,,,0,0,0,0,0,,,,,,EA,,0,,0,0,Y,,,,,,LB,N,,,,,,,,,N,,0,0,,,0,0,0,Y,O,Y,09/16/22,,,0,0,,,,,,,,,,,,,,,,,,,,,,N,,,,Y,N,,,Y,,,,,,,,1,,,,,Weblink,,,,,,,,,,,,,,,,,,N
1,,LQ,510050021031,,,ASTRONAUT A5,,0,0,0,0,99999,685,,,,,510050021031,,0,1,N,N,EA,EA,EA,1,1,99999,99999,,99999,99999,99999,99999,99999,45,38.858,61140.99,61140.99,61140.99,61140.99,61140.99,61140.99,,C,0,244905.59,3,61482.62,09/16/22,0.251,,,0,09/26/22,09/16/22,09/16/22,,,,,,0,0,0,3,0,0,0,0,0,0,0,0,0,,,,,,,,,,,,,,,,,,,,0,0,0,0,0,0,0,0,0,0,0,0,0,,,,0,3,3,183422.97,183422.97,0,0,0,0,0,,,,,,EA,,0,,0,0,Y,,,,,,LB,N,,,,,,,,,N,,0,0,,,0,0,0,Y,O,Y,09/16/22,,,3,0,,,,,,,,,,,,,,,,,,,,,,N,,,,Y,N,,,Y,,,,,,,,1,,,,,Weblink,,,,,,,,,,,,,,,,,,N
1,,LQ,5430305230,,,STRIP GALV,,10,0,0,10,35,685,,,,,5430305230,,0,1,N,N,EA,EA,EA,1,1,35,35,,35,35,35,35,35,45,26.614,26.25,26.25,26.25,25.685,25.685,25.685,,D,0,35,1,9.31,09/28/22,0.266,,,0,11/30/22,09/28/22,02/22/19,,,,,,0,1,0,0,0,0,0,0,0,0,0,0,0,,,,,,,,,,,,,,,,,,,,0,0,0,0,0,0,0,0,0,0,0,0,0,,,,0,2,1,25.69,25.69,0,0,0,0,0,,,,,,EA,,0,,0,0,Y,33,,,,,LB,N,,,,,,,,,N,,0,0,,,0,0,0,Y,O,Y,09/28/22,0.04,0.1,1,0,,,,,,,,,,,,,,,,,,,,,,N,,,,Y,N,,,Y,,,,,,,9,1,,,,,Weblink,,,,,,,,,,,,,,,,,,N
1,,LQ,5430300001,,,JUNO,,0,0,0,0,19038,685,,,,,5430300001,,0,1,N,N,EA,EA,EA,1,1,19038,19038,,19038,19038,19038,19038,19038,45,25,14278.5,14278.5,14278.5,14278.5,14278.5,14278.5,,D,0,19038,1,4759.5,09/28/22,0.25,,,0,11/30/22,09/28/22,03/26/19,,,,,,0,1,0,0,0,0,0,0,0,0,0,0,1,,,,,,,,,,,,,,,,,,,,0,1,0,0,0,0,0,0,0,0,0,0,0,,,,0,3,1,14278.5,14278.5,2,45942,26093,26093,0,,,,,,EA,,0,,0,0,Y,18000,,,,,LB,N,,,,,,,,,N,,0,0,,,0,0,0,Y,O,Y,09/28/22,,,1,0,,,,,,,,,,,,,,,,,,,,,,N,,,,Y,N,,,Y,,,,,,,,1,,,,,Weblink,,,,,,,,,,,,,,,,,,N
1,,LQ,9118504890,,,RECEIVER QWES ISO LD,,0,0,0,0,2168,685,,,,,9118504890,,0,1,N,N,EA,EA,EA,1,1,2168,2168,,2168,2168,2168,2168,2168,45,25,1626,1626,1626,1626,1626,1626,,D,0,2032.5,1,406.5,10/22/22,0.2,,,0,10/24/22,10/22/22,10/22/22,,,,,,0,0,1,0,0,0,0,0,0,0,0,0,0,,,,,,,,,,,,,,,,,,,,0,0,0,0,0,0,0,0,0,0,0,0,0,,,,0,1,1,1626,1626,0,0,0,0,0,,,,,,EA,,0,,0,0,Y,,,,,,LB,N,,,,,,,,,N,,0,0,,,0,0,0,Y,O,Y,10/22/22,,,1,0,,,,,,,,,,,,,,,,,,,,,,N,,,,Y,N,,,Y,,,,,,,,1,,,,,Weblink,,,,,,,,,,,,,,,,,,N
1,,LQ,9118511760,,,QWES ISO LD PROCESSOR,,0,0,0,0,2450,685,,,,,9118511760,,0,1,N,N,EA,EA,EA,1,1,2450,2450,,2450,2450,2450,2450,2450,45,25,1837.5,1837.5,1837.5,1837.5,1837.5,1837.5,,D,0,2450,1,612.5,10/22/22,0.25,,,0,10/24/22,10/22/22,10/22/22,,,,,,0,0,1,0,0,0,0,0,0,0,0,0,0,,,,,,,,,,,,,,,,,,,,0,0,0,0,0,0,0,0,0,0,0,0,0,,,,0,1,1,1837.5,2296.87,0,0,0,0,0,,,,,,EA,,0,,0,0,Y,,,,,,LB,N,,,,,,,,,N,,0,0,,,0,0,0,Y,O,Y,10/22/22,,,1,0,,,,,,,,,,,,,,,,,,,,,,N,,,,Y,N,,,Y,,,,,,,,1,,,,,Weblink,,,,,,,,,,,,,,,,,,N
1,,LQ,9118511770,,,QWES ISO LD ACTIVITY,,0,0,0,0,2364,685,,,,,9118511770,,0,1,N,N,EA,EA,EA,1,1,2364,2364,,2364,2364,2364,2364,2364,45,25.818,1753.658,1753.658,1753.658,1753.658,1753.658,1753.658,,D,0,2295,1,541.34,10/24/22,0.236,,,0,10/24/22,10/24/22,10/24/22,,,,,,0,0,1,0,0,0,0,0,0,0,0,0,0,,,,,,,,,,,,,,,,,,,,0,0,0,0,0,0,0,0,0,0,0,0,0,,,,0,1,1,1753.66,1753.66,0,0,0,0,0,,,,,,EA,,0,,0,0,Y,,,,,,LB,N,,,,,,,,,N,,0,0,,,0,0,0,Y,O,Y,10/24/22,,,1,0,,,,,,,,,,,,,,,,,,,,,,N,,,,Y,N,,,Y,,,,,,,,1,,,,,Weblink,,,,,,,,,,,,,,,,,,N
1,,LQ,511050021034,,,ASTRONAUT A5 LH,,0,0,0,0,89231,685,,,,,511050021034,,0,1,N,N,EA,EA,EA,1,1,89231,89231,,89231,89231,89231,89231,89231,45,5.882,83982.47,83982.47,83982.47,83982.47,83982.47,83982.47,,C,0,542335.59,6,63637.45,10/24/22,0.117,,,0,10/24/22,08/29/22,08/12/22,,,,,,0,0,4,0,2,0,0,0,0,0,0,0,0,,,,,,,,,,,,,,,,,,,,0,0,0,0,0,0,0,0,0,0,0,0,0,,,,0,6,6,478698.14,478698.14,0,0,0,0,0,,,,,,EA,,0,,0,0,Y,,,,,,LB,N,,,,,,,,,N,,0,0,,,0,0,0,Y,O,Y,10/24/22,,,6,0,,,,,,,,,,,,,,,,,,,,,,N,,,,Y,N,,,Y,,,,,,,,1,,,,,Weblink,,,,,,,,,,,,,,,,,,N
1,,LQ,510050031001,,,CENTRAL UNIT A5,,0,0,0,0,89231,685,,,,,510050031001,,0,1,N,N,EA,EA,EA,1,1,89231,89231,,89231,89231,89231,89231,89231,45,80.416,17475.261,17475.261,17475.261,17475.261,17475.261,17475.261,,C,0,589575.42,7,186918.07,10/24/22,0.317,,,0,10/24/22,08/29/22,06/13/22,,,,,,0,0,2,2,1,0,2,0,0,0,0,0,0,,,,,,,,,,,,,,,,,,,,0,0,0,0,0,0,0,0,0,0,0,0,0,,,,0,7,6,402657.35,402657.35,0,0,0,0,0,,,,,,EA,,0,,0,0,Y,,,,,,LB,N,,,,,,,,,N,,0,0,,,0,0,0,Y,O,Y,10/24/22,,,7,0,,,,,,,,,,,,,,,,,,,,,,N,,,,Y,N,,,Y,,,,,,,,1,,,,,Weblink,,,,,,,,,,,,,,,,,,N
1,P3END,LQ,5110536590,,,MQC-C2 A5 LH,,3,0,0,3,4800,685,,,,,5110536590,,0,1,N,N,EA,EA,EA,1,1,4800,4800,,4800,4800,4800,4800,4800,45,44.927,2154.6,2154.6,2154.6,2643.517,2643.517,2643.517,,C,0,12352.44,3,3551.88,10/27/22,0.288,,,0,06/22/22,03/08/22,04/29/19,10/12/22,,,,,0,0,0,0,0,0,3,0,0,0,0,0,0,,,,,,,,,,,,,,,,,,,,0,0,0,0,0,0,0,0,0,0,0,0,0,,,,0,5,1,8800.56,8800.56,0,0,0,0,0,,,,,,EA,,0,,0,0,Y,4500,,,,,LB,N,,,,,,,,,N,,0,0,,,0,0,0,Y,O,Y,10/27/22,0.45,1.11,3,0,,,,,,,,,,,,,,,,,,,,,,N,,,,Y,N,,,Y,,,,,,,2,1,,,,,Weblink,,,,,,,,,,,,,,,,,,N
1,,LQ,5400800201,,,DISCOVERY 120 COLLECTOR,,0,0,0,0,,685,,,,,5400800201,,0,1,N,N,EA,EA,EA,1,1,,,,,,,,,45,0,25958.5,25958.5,25958.5,25958.5,25958.5,25958.5,,C,1,160921.5,5,42660.34,12/28/22,0.265,,,0,12/29/22,,06/13/22,,,,,,1,1,0,0,0,0,3,0,0,0,0,0,0,,,,,,,,,,,,,,,,,,,,0,0,0,0,0,0,0,0,0,0,0,0,0,,,,0,5,4,118261.16,118261.16,0,0,0,0,0,,,,,,EA,,0,,0,0,Y,,,,,,LB,N,,,,,,,,,N,,0,0,,,0,0,0,Y,O,Y,12/28/22,,,5,0,,,,,,,,,,,,,,,,,,,,,,N,,,,Y,N,,,Y,,,,,,,,1,,,,,Weblink,,,,,,,,,,,,,,,,,,N
1,P4447,LQ,9118902960,,,SET HRLD TAGS(USE .1 FOR 1),,4,0,0,4,1683,685,,,,,9118902960,,0,3,N,N,EA,EA,EA,1,1,1683,1683,,1683,1683,1683,1683,1683,45,25.01,1262.25,1262.25,1262.25,1262.08,1262.08,1262.08,,A,1,67254.95,55,12086.06,12/28/22,0.18,,,0,12/12/22,11/28/22,10/26/17,10/08/20,,,,,1,2,0,22,1,3,0,10,9,1,0,6,19,,,,,,,,,,,,,,,,,,,,1,0,1,0,0,1,0,15,2,1,0,24,1,,,,0,263,27,55168.89,55170.97,40,53761,38025,38025,0,,,,,,EA,,0,,-51,0,Y,1346,,,,,LB,N,,,,,,,,,N,,0,0,,,0,0,0,Y,O,Y,12/28/22,2.23,10.19,55,0,,,,,,,,,,,,,,,,,,,,,,N,,,,Y,N,,,Y,,,,,,,1,1,,,,,Weblink,,,,,,,,,,,,,,,,,,N
1,,LQ,*LELYWHOLEGOOD,,,LELY WHOLE GOODS,,0,0,0,0,,685,,,,,4302500,,0,0,N,N,UN,UN,UN,1,1,,,,,,,,,45,0,0.001,0.001,0.001,0.001,0.001,0.001,,,0,-24698.66,-1,-24698.66,,1,,,0,,,07/31/13,,,,,,0,0,0,0,0,0,0,0,-1,0,0,0,0,,,,,,,,,,,,,,,,,,,,0,0,0,0,0,0,0,0,0,0,0,0,0,,,,0,-1,0,,,0,0,0,0,0,0,,,,0,EA,,0,,0,0,Y,,,,1,,LB,N,,,,,,,,,N,,0,0,,,0,0,0,Y,O,Y,,,,-1,0,,,,,,,,,,,,,,,,,,,,,,N,,,,Y,N,,,Y,,,,,,,,1,,,,,Weblink,,,,,,,,,,,,,,,,,,N
1,,LQ,510040010050,,,"ASTRONAUT A4, RIGHT",,0,0,0,0,,685,,,,,5457800,,0,1,N,N,UN,UN,UN,1,1,,,,,,,,,45,0,,,,0.001,0.001,0.001,,X,0,,0,,,,,,0,09/27/12,,09/26/12,,,,,,0,0,0,0,0,0,0,0,0,0,0,0,0,,,,,,,,,,,,,,,,,,,,0,0,0,0,0,0,0,0,0,0,0,0,0,,,,0,0,0,,,0,0,0,0,0,,,,,,EA,,0,,0,0,Y,,,,1,,LB,N,,,,,,,,,N,,0,0,,,0,0,0,Y,O,Y,,,,0,0,,,,,,,,,,,,,,,,,,,,,,N,,,,Y,N,,,Y,,,,,,,,1,,,,,Weblink,,,,,,,,,,,,,,,,,,N
1,,LQ,5100368420,,,M4USE ASSY,,0,0,0,0,2649.84,685,,,,,1428600,,0,1,N,N,UN,UN,UN,1,1,2649.84,2649.84,,2649.84,2649.84,2649.84,2649.84,2649.84,25,51.176,1589.9,1589.9,1589.9,1293.75,1293.75,1293.75,,X,0,,0,,,,,,0,06/25/12,12/31/16,09/29/11,,,,,,0,0,0,0,0,0,0,0,0,0,0,0,0,,,,,,,,,,,,,,,,,,,,0,0,0,0,0,0,0,0,0,0,0,0,0,,,,0,0,0,,,0,0,0,0,0,,,,,,EA,,0,,0,0,Y,1725,,,1,,LB,N,,,,,,,,,N,,0,0,,,0,0,0,Y,O,Y,12/31/16,,,0,0,,,,,,,,,,,,,,,,,,,,,,N,,,,Y,N,,,Y,,,,,,,,1,,,,,Weblink,,,,,,,,,,,,,,,,,,N
1,,LQ,510050021036,,,ASTRONAUT A5 RH,,0,0,0,0,99999,685,,,,,510050021036,,0,1,N,N,EA,EA,EA,1,1,99999,99999,,99999,99999,99999,99999,99999,45,45,54999.45,54999.45,54999.45,54999.45,54999.45,54999.45,,,0,,0,,,,,,0,,12/28/22,12/28/22,,,,,,0,0,0,0,0,0,0,0,0,0,0,0,0,,,,,,,,,,,,,,,,,,,,0,0,0,0,0,0,0,0,0,0,0,0,0,,,,0,0,0,,,0,0,0,0,0,,,,,,EA,,0,,0,0,Y,,,,,,LB,N,,,,,,,,,N,,0,0,,,0,0,0,Y,O,Y,12/28/22,,,0,0,,,,,,,,,,,,,,,,,,,,,,N,,,,Y,N,,,Y,,,,,,,,1,,,,,Weblink,,,,,,,,,,,,,,,,,,N
1,,LQ,510040011403,,,ASTRONAUT A4.1 LEFT,,0,0,0,0,99999,685,,,,,510040011403,,0,1,N,N,EA,EA,EA,1,1,99999,99999,,99999,99999,99999,99999,99999,45,45,54999.45,54999.45,54999.45,54999.45,54999.45,54999.45,,X,0,,0,,,,,,0,,07/06/18,07/06/18,,,,,,0,0,0,0,0,0,0,0,0,0,0,0,0,,,,,,,,,,,,,,,,,,,,0,0,0,0,0,0,0,0,0,0,0,0,0,,,,0,0,0,,,0,0,0,0,0,,,,,,EA,,0,,0,0,Y,,,,,,LB,N,,,,,,,,,N,,0,0,,,0,0,0,Y,O,Y,07/06/18,,,0,0,,,,,,,,,,,,,,,,,,,,,,N,,,,Y,N,,,Y,,,,,,,,1,,,,,Weblink,,,,,,,,,,,,,,,,,,N
1,,LQ,9118705495,,,"CALF FEEDER, CALM VARIO TAP5,",,0,0,0,0,17500,685,,,,,221600,,0,1,N,N,UN,UN,UN,1,1,17500,17500,,17500,14850,12209.12,,,38.52,38.521,8624.99,8624.99,8624.99,10758.88,10758.88,10758.88,,X,0,,0,,,,,,0,10/31/12,,08/03/11,,,,,,0,0,0,0,0,0,0,0,0,0,0,0,0,,,,,,,,,,,,,,,,,,,,0,0,0,0,0,0,0,0,0,0,0,0,0,,,,0,0,0,,,0,0,0,0,0,,,,,,EA,,0,,0,0,Y,,,,1,,LB,N,,,,,,,,,N,,0,0,,,0,0,0,Y,O,Y,,,,0,0,,,,,,,,,,,,,,,,,,,,,,N,,,,Y,N,,,Y,,,,,,,,1,,,,,Weblink,,,,,,,,,,,,,,,,,,N
1,,LQ,9118705484,,,"CALF FEEDER, CALM TAK5",,0,0,0,0,18600,685,,,,,193100,,0,1,N,N,UN,UN,UN,1,1,18600,18600,,18600,16500,13921.58,,,25.15,25.153,13921.58,13921.58,13921.58,13921.58,13921.58,13921.58,,X,0,,0,,,,,,0,01/06/12,,12/28/11,,,,,,0,0,0,0,0,0,0,0,0,0,0,0,0,,,,,,,,,,,,,,,,,,,,0,0,0,0,0,0,0,0,0,0,0,0,0,,,,0,0,0,,,0,0,0,0,0,,,,,,EA,,0,,0,0,Y,,,,1,,LB,N,,,,,,,,,N,,0,0,,,0,0,0,Y,O,Y,,,,0,0,,,,,,,,,,,,,,,,,,,,,,N,,,,Y,N,,,Y,,,,,,,,1,,,,,Weblink,,,,,,,,,,,,,,,,,,N
1,,LQ,8152533884,,,"AIR COMPRESSOR, 3 PHASE",,0,0,0,0,12544.86,685,,,,,180700,,0,1,N,N,UN,UN,UN,1,1,12544.86,12544.86,,12544.86,11069,9408.64,,,25,25,9408.64,9408.64,9408.64,9408.64,9408.64,9408.64,,X,0,,0,,,,,,0,,,09/28/11,,,,,,0,0,0,0,0,0,0,0,0,0,0,0,0,,,,,,,,,,,,,,,,,,,,0,0,0,0,0,0,0,0,0,0,0,0,0,,,,0,0,0,,,0,0,0,0,0,,,,,,EA,,0,,0,0,Y,,,,1,,LB,N,,,,,,,,,N,,0,0,,,0,0,0,Y,O,Y,,,,0,0,,,,,,,,,,,,,,,,,,,,,,N,,,,Y,N,,,Y,,,,,,,,1,,,,,Weblink,,,,,,,,,,,,,,,,,,N
