3,B2801,US,3554142U,,,"12 UNIT PWR SPLY, 24V DC-USED",,1,0,0,1,600,1,,3554142,,,3554142U,,0,1,N,N,EA,EA,EA,1,1,600,600,,600,600,600,600,600,45,100,300,300,300,0.001,0.001,0.001,,X,0,,0,,07/07/16,,,,0,,05/26/20,06/29/16,02/07/18,,,,,0,0,0,0,0,0,0,0,0,0,0,0,0,,,,,,,,,,,,,,,,,,,,0,0,0,0,0,0,0,0,0,0,0,0,0,,,,0,0,0,,,0,0,0,0,0,,,,,,EA,,0,,0,0,Y,,,,,,LB,N,,,,,,,,,N,,0,0,,,0,0,0,Y,O,Y,05/26/20,,,0,0,,,,,,,,,,,,,,,,,,,,,,N,,,,Y,N,,,Y,,,,,,,,1,,,,,Weblink,,,,,,,,,,,,,,,,,,N
3,B4103,US,866UE,,,"COMPRESSOR, COPELAND, 2HP",,1,0,0,1,150,,,,,,4014300,,0,1,N,N,EA,EA,EA,1,1,150,150,,150,100,50,,,66.67,66.667,50,50,50,50,50,50,,X,0,,0,,07/07/16,,,,0,,,06/27/16,02/07/18,,,,,0,0,0,0,0,0,0,0,0,0,0,0,0,,,,,,,,,,,,,,,,,,,,0,0,0,0,0,0,0,0,0,0,0,0,0,,,,0,0,0,,,0,0,0,0,0,,,,,,EA,,0,,0,0,Y,,,,1,,LB,N,,,,,,,,,N,,0,0,,,0,0,0,Y,O,Y,,,,0,0,,,,,,,,,,,,,,,,,,,,,,N,,,,Y,N,,,Y,,,,,,,,1,,,,,Weblink,,,,,,,,,,,,,,,,,,N
1,,US,126577U,,,AIR INJECTOR - L SCHLABACH,,1,0,0,1,107.7,1,,,,,126560U,,0,1,N,N,EA,EA,EA,1,1,107.7,107.7,,107.7,107.7,107.7,107.7,107.7,45,74.513,27.45,27.45,27.45,27.45,27.45,27.45,,X,0,,0,,04/04/17,,,,0,,04/04/17,04/04/17,,,,,,0,0,0,0,0,0,0,0,0,0,0,0,0,,,,,,,,,,,,,,,,,,,,0,0,0,0,0,0,0,0,0,0,0,0,0,,,,0,0,0,,,0,0,0,0,0,,,,,,EA,,0,,0,0,Y,,,,,,LB,N,,,,,,,,,N,,0,0,,,0,0,0,Y,O,Y,04/04/17,,,0,0,,,,,,,,,,,,,,,,,,,,,,N,,,,Y,N,,,Y,,,,,,,,1,,,,,Weblink,,,,,,,,,,,,,,,,,,N
1,,US,126560U,,,A PANEL CONTROL - L SCHLABACH,,1,0,0,1,107.7,1,,,,,126560U,,0,1,N,N,EA,EA,EA,1,1,107.7,107.7,,107.7,107.7,107.7,107.7,107.7,45,74.513,27.45,27.45,27.45,27.45,27.45,27.45,,X,0,,0,,04/04/17,,,,0,,04/04/17,04/04/17,,,,,,0,0,0,0,0,0,0,0,0,0,0,0,0,,,,,,,,,,,,,,,,,,,,0,0,0,0,0,0,0,0,0,0,0,0,0,,,,0,0,0,,,0,0,0,0,0,,,,,,EA,,0,,0,0,Y,,,,,,LB,N,,,,,,,,,N,,0,0,,,0,0,0,Y,O,Y,04/04/17,,,0,0,,,,,,,,,,,,,,,,,,,,,,N,,,,Y,N,,,Y,,,,,,,,1,,,,,Weblink,,,,,,,,,,,,,,,,,,N
1,,US,8512000U,,,"1 1/2"" SS PIPE - L SCHLABACH",,36,0,0,36,5.8,1,,,,,126560U,,0,1,N,N,EA,EA,EA,1,1,5.8,5.8,,5.8,5.8,5.8,5.8,5.8,45,80.69,1.12,1.12,1.12,1.12,1.12,1.12,,X,0,,0,,04/04/17,,,,0,05/29/18,04/04/17,04/04/17,,,,,,0,0,0,0,0,0,0,0,0,0,0,0,0,,,,,,,,,,,,,,,,,,,,0,0,0,0,0,0,0,0,0,0,0,0,0,,,,0,4,0,,,0,0,0,0,0,,,,,,EA,,0,,-4,0,Y,,,,,,LB,N,,,,,,,,,N,,0,0,,,0,0,0,Y,O,Y,04/04/17,,,0,0,,,,,,,,,,,,,,,,,,,,,,N,,,,Y,N,,,Y,,,,,,,35,1,,,,,Weblink,,,,,,,,,,,,,,,,,,N
1,,US,8507600U,,,"2"" SS PIPE - L SCHLABACH",,40,0,0,40,5.99,1,,,,,126560U,,0,1,N,N,EA,EA,EA,1,1,5.99,5.99,,5.99,5.99,5.99,5.99,5.99,45,84.641,0.92,0.92,0.92,0.92,0.92,0.92,,X,0,,0,,04/04/17,,,,0,,04/04/17,04/04/17,,,,,,0,0,0,0,0,0,0,0,0,0,0,0,0,,,,,,,,,,,,,,,,,,,,0,0,0,0,0,0,0,0,0,0,0,0,0,,,,0,0,0,,,0,0,0,0,0,,,,,,EA,,0,,0,0,Y,,,,,,LB,N,,,,,,,,,N,,0,0,,,0,0,0,Y,O,Y,04/04/17,,,0,0,,,,,,,,,,,,,,,,,,,,,,N,,,,Y,N,,,Y,,,,,,,39,1,,,,,Weblink,,,,,,,,,,,,,,,,,,N
1,,US,8500424U,,,"3"" SS PIPE - L SCHLABACH",,40,0,0,40,10.27,1,,,,,126560U,,0,1,N,N,EA,EA,EA,1,1,10.27,10.27,,10.27,10.27,10.27,10.27,10.27,45,80.721,1.98,1.98,1.98,1.98,1.98,1.98,,X,0,,0,,04/04/17,,,,0,,04/04/17,04/04/17,,,,,,0,0,0,0,0,0,0,0,0,0,0,0,0,,,,,,,,,,,,,,,,,,,,0,0,0,0,0,0,0,0,0,0,0,0,0,,,,0,0,0,,,0,0,0,0,0,,,,,,EA,,0,,0,0,Y,,,,,,LB,N,,,,,,,,,N,,0,0,,,0,0,0,Y,O,Y,04/04/17,,,0,0,,,,,,,,,,,,,,,,,,,,,,N,,,,Y,N,,,Y,,,,,,,39,1,,,,,Weblink,,,,,,,,,,,,,,,,,,N
1,,US,123855U,,,POWER SUPPLY - L SCHLABACH,,1,0,0,1,211.55,1,,,,,126560U,,0,1,N,N,EA,EA,EA,1,1,211.55,211.55,,211.55,211.55,211.55,211.55,211.55,45,74.484,53.98,53.98,53.98,53.98,53.98,53.98,,X,0,,0,,04/04/17,,,,0,,04/04/17,04/04/17,,,,,,0,0,0,0,0,0,0,0,0,0,0,0,0,,,,,,,,,,,,,,,,,,,,0,0,0,0,0,0,0,0,0,0,0,0,0,,,,0,0,0,,,0,0,0,0,0,,,,,,EA,,0,,0,0,Y,,,,,,LB,N,,,,,,,,,N,,0,0,,,0,0,0,Y,O,Y,04/04/17,,,0,0,,,,,,,,,,,,,,,,,,,,,,N,,,,Y,N,,,Y,,,,,,,,1,,,,,Weblink,,,,,,,,,,,,,,,,,,N
1,,US,123000U,,,2000V DETACHER - L SCHLABACH,,8,0,0,8,300,1,,,,,126560U,,0,1,N,N,EA,EA,EA,1,1,300,300,,300,300,300,300,300,45,74.477,76.57,76.57,76.57,76.57,76.57,76.57,,X,0,,0,,04/04/17,,,,0,,04/04/17,04/04/17,,,,,,0,0,0,0,0,0,0,0,0,0,0,0,0,,,,,,,,,,,,,,,,,,,,0,0,0,0,0,0,0,0,0,0,0,0,0,,,,0,0,0,,,0,0,0,0,0,,,,,,EA,,0,,0,0,Y,,,,,,LB,N,,,,,,,,,N,,0,0,,,0,0,0,Y,O,Y,04/04/17,,,0,0,,,,,,,,,,,,,,,,,,,,,,N,,,,Y,N,,,Y,,,,,,,7,1,,,,,Weblink,,,,,,,,,,,,,,,,,,N
1,,US,124000U,,,BM PULSATORS - L SCHLABACH,,8,0,0,8,57.7,1,,,,,126560U,,0,1,N,N,EA,EA,EA,1,1,57.7,57.7,,57.7,57.7,57.7,57.7,57.7,45,74.489,14.72,14.72,14.72,14.72,14.72,14.72,,X,0,,0,,04/04/17,,,,0,,04/04/17,04/04/17,,,,,,0,0,0,0,0,0,0,0,0,0,0,0,0,,,,,,,,,,,,,,,,,,,,0,0,0,0,0,0,0,0,0,0,0,0,0,,,,0,0,0,,,0,0,0,0,0,,,,,,EA,,0,,0,0,Y,,,,,,LB,N,,,,,,,,,N,,0,0,,,0,0,0,Y,O,Y,04/04/17,,,0,0,,,,,,,,,,,,,,,,,,,,,,N,,,,Y,N,,,Y,,,,,,,7,1,,,,,Weblink,,,,,,,,,,,,,,,,,,N
3,,US,HEISLER-MOTOR,,,VACUUM PUMP MOTOR,,1,0,0,1,,,,,,,HEISLER-PUMP,,0,1,N,N,EA,EA,EA,1,1,,,,,,,,,45,0,400,400,400,400,400,400,,X,0,,0,,09/19/17,,,,0,,,09/19/17,,,,,,0,0,0,0,0,0,0,0,0,0,0,0,0,,,,,,,,,,,,,,,,,,,,0,0,0,0,0,0,0,0,0,0,0,0,0,,,,0,0,0,,,0,0,0,0,0,,,,,,EA,,0,,0,0,Y,,,,,,LB,N,,,,,,,,,N,,0,0,,,0,0,0,Y,O,Y,09/19/17,,,0,0,,,,,,,,,,,,,,,,,,,,,,N,,,,Y,N,,,Y,,,,,,,,1,,,,,Weblink,,,,,,,,,,,,,,,,,,N
3,,US,HEISLER-STAND,,,VACUUM PUMP STAND,,1,0,0,1,,,,,,,HEISLER-PUMP,,0,1,N,N,EA,EA,EA,1,1,,,,,,,,,45,0,350,350,350,350,350,350,,X,0,,0,,09/19/17,,,,0,,,09/19/17,,,,,,0,0,0,0,0,0,0,0,0,0,0,0,0,,,,,,,,,,,,,,,,,,,,0,0,0,0,0,0,0,0,0,0,0,0,0,,,,0,0,0,,,0,0,0,0,0,,,,,,EA,,0,,0,0,Y,,,,,,LB,N,,,,,,,,,N,,0,0,,,0,0,0,Y,O,Y,09/19/17,,,0,0,,,,,,,,,,,,,,,,,,,,,,N,,,,Y,N,,,Y,,,,,,,,1,,,,,Weblink,,,,,,,,,,,,,,,,,,N
3,,US,HEISLER-PUMP,,,OILLESS VACUUM PUMP HEAD,,0,0,0,0,,,,,,,HEISLER-PUMP,,0,1,N,N,EA,EA,EA,1,1,,,,,,,,,45,0,750,750,750,750,750,750,,X,0,,0,,09/19/17,,,,0,09/20/17,,09/19/17,,,,,,0,0,0,0,0,0,0,0,0,0,0,0,0,,,,,,,,,,,,,,,,,,,,0,0,0,0,0,0,0,0,0,0,0,0,0,,,,0,1,0,,,0,0,0,0,0,,,,,,EA,,0,,0,0,Y,,,,,,LB,N,,,,,,,,,N,,0,0,,,0,0,0,Y,O,Y,09/19/17,,,0,0,,,,,,,,,,,,,,,,,,,,,,N,,,,Y,N,,,Y,,,,,,,,1,,,,,Weblink,,,,,,,,,,,,,,,,,,N
1,,US,KLINEFELT-TANK,,,1000 GALLON BOUMATIC TANK-USED,,0,0,0,0,,,,,,,KLINEFELT-TANK,,0,1,N,N,EA,EA,EA,1,1,,,,,,,,,45,0,4500,4500,4500,4500,4500,4500,,X,0,,0,,10/05/17,,,,0,10/31/17,,10/05/17,,,,,,0,0,0,0,0,0,0,0,0,0,0,0,0,,,,,,,,,,,,,,,,,,,,0,0,0,0,0,0,0,0,0,0,0,0,0,,,,0,1,0,,,0,0,0,0,0,,,,,,EA,,0,,-1,0,Y,,,,,,LB,N,,,,,,,,,N,,0,0,,,0,0,0,Y,O,Y,10/05/17,,,0,0,,,,,,,,,,,,,,,,,,,,,,N,,,,Y,N,,,Y,,,,,,,,1,,,,,Weblink,,,,,,,,,,,,,,,,,,N
1,0NONE,US,215,,,"MOTOR, 3 H.P., DAYTON",,1,0,0,1,195,,,,,,3324800,,0,1,N,N,EA,EA,EA,1,1,195,195,,195,,,,,0,100,0.001,0.001,0.001,0.001,0.001,0.001,,X,0,,0,,,,,,0,,,06/05/01,12/19/18,,,,,0,0,0,0,0,0,0,0,0,0,0,0,0,,,,,,,,,,,,,,,,,,,,0,0,0,0,0,0,0,0,0,0,0,0,0,,,,0,0,0,,,0,0,0,0,0,,,,,,EA,,0,,0,0,Y,,,,1,,LB,N,,,,,,,,,N,,0,0,,,0,0,0,Y,O,Y,,,,0,0,,,,,,,,,,,,,,,,,,,,,,N,,,,Y,N,,,Y,,,,,,,,1,,,,,Weblink,,,,,,,,,,,,,,,,,,N
2,,US,215,,,"MOTOR, 3 H.P., DAYTON",,0,0,0,0,195,,,,,,3324900,,0,1,N,N,EA,EA,EA,1,1,195,195,,195,,,,,0,100,0.001,0.001,0.001,0.001,0.001,0.001,,X,0,,0,,,,,,0,,,06/05/01,,,,,,0,0,0,0,0,0,0,0,0,0,0,0,0,,,,,,,,,,,,,,,,,,,,0,0,0,0,0,0,0,0,0,0,0,0,0,,,,0,0,0,,,0,0,0,0,0,,,,,,EA,,0,,0,0,Y,,,,1,,LB,N,,,,,,,,,N,,0,0,,,0,0,0,Y,O,Y,,,,0,0,,,,,,,,,,,,,,,,,,,,,,N,,,,N,N,,,Y,,,,,,,,1,,,,,Weblink,,,,,,,,,,,,,,,,,,N
1,0NONE,US,230UE,,,"REGULATOR, MARK I",,1,0,0,1,100,,,,,,3367000,,0,1,N,N,EA,EA,EA,1,1,100,100,,100,,,,,0,99.999,50,50,50,0.001,0.001,0.001,,X,0,,0,,,,,,0,,,06/05/01,12/19/18,,,,,0,0,0,0,0,0,0,0,0,0,0,0,0,,,,,,,,,,,,,,,,,,,,0,0,0,0,0,0,0,0,0,0,0,0,0,,,,0,0,0,,,0,0,0,0,0,,,,,,EA,,0,,0,0,Y,,,,1,,LB,N,,,,,,,,,N,,0,0,,,0,0,0,Y,O,Y,,,,0,0,,,,,,,,,,,,,,,,,,,,,,N,,,,Y,N,,,Y,,,,,,,,1,,,,,Weblink,,,,,,,,,,,,,,,,,,N
1,0NONE,US,17UE,,,"VALVE, MILK , 2"", BM",,12,0,0,12,8,,,,,,3443200,,0,1,N,N,EA,EA,EA,1,1,8,8,,8,,,,,99.99,99.988,0.001,0.001,0.001,0.001,0.001,0.001,,X,0,,0,,,,,,0,,,06/05/01,12/19/18,,,,,0,0,0,0,0,0,0,0,0,0,0,0,0,,,,,,,,,,,,,,,,,,,,0,0,0,0,0,0,0,0,0,0,0,0,0,,,,0,0,0,,,0,0,0,0,0,,,,,,EA,,0,,0,0,Y,,,,1,,LB,N,,,,,,,,,N,,0,0,,,0,0,0,Y,O,Y,,,,0,0,,,,,,,,,,,,,,,,,,,,,,N,,,,Y,N,,,Y,,,,,,,11,1,,,,,Weblink,,,,,,,,,,,,,,,,,,N
1,0NONE,US,328,,,"CLIPPER, USED",,1,0,0,1,65,,,,,,3503500,,0,1,N,N,EA,EA,EA,1,1,65,65,,65,,,,,0,99.999,40,40,40,0.001,0.001,0.001,,X,0,,0,,,,,,0,,,06/05/01,12/19/18,,,,,0,0,0,0,0,0,0,0,0,0,0,0,0,,,,,,,,,,,,,,,,,,,,0,0,0,0,0,0,0,0,0,0,0,0,0,,,,0,0,0,,,0,0,0,0,0,,,,,,EA,,0,,0,0,Y,,,,1,,LB,N,,,,,,,,,N,,0,0,,,0,0,0,Y,O,Y,,,,0,0,,,,,,,,,,,,,,,,,,,,,,N,,,,Y,N,,,Y,,,,,,,,1,,,,,Weblink,,,,,,,,,,,,,,,,,,N
1,0NONE,US,571,,,"USED, 1 1/2"" S.S. CLAMPS",,15,0,0,15,1.5,,,,,,3688800,,0,1,N,N,EA,EA,EA,1,1,1.5,1.5,,1.5,,,,,99.93,99.933,0.001,0.001,0.001,0.001,0.001,0.001,,X,0,,0,,,,,,0,,,06/05/01,12/19/18,,,,,0,0,0,0,0,0,0,0,0,0,0,0,0,,,,,,,,,,,,,,,,,,,,0,0,0,0,0,0,0,0,0,0,0,0,0,,,,0,0,0,,,0,0,0,0,0,,,,,,EA,,0,,0,0,Y,,,,1,,LB,N,,,,,,,,,N,,0,0,,,0,0,0,Y,O,Y,,,,0,0,,,,,,,,,,,,,,,,,,,,,,N,,,,Y,N,,,Y,,,,,,,14,1,,,,,Weblink,,,,,,,,,,,,,,,,,,N
1,0NONE,US,633UE,,,"PROBE, 2"", BOU-MATIC",,-1,0,0,-1,100,,,,,,3720900,,0,1,N,N,EA,EA,EA,1,1,100,100,,100,58.82,50,,,50,50,50,50,50,50,50,50,,X,0,,0,,,,,,0,,,06/05/01,12/19/18,,,,,0,0,0,0,0,0,0,0,0,0,0,0,0,,,,,,,,,,,,,,,,,,,,0,0,0,0,0,0,0,0,0,0,0,0,0,,,,0,0,0,,,0,0,0,0,0,,,,,,EA,,0,,0,0,Y,,,,1,,LB,N,,,,,,,,,N,,0,0,,,0,0,0,Y,O,Y,,,,0,0,,,,,,,,,,,,,,,,,,,,,,N,,,,Y,N,,,Y,,,,,,,,1,,,,,Weblink,,,,,,,,,,,,,,,,,,N
1,0NONE,US,657,,,"INJECTOR, AIR, AND ""A""",,1,0,0,1,1000,,,,,,3735300,,0,1,N,N,EA,EA,EA,1,1,1000,1000,,1000,842.5,685,,,31.5,31.5,685,685,685,685,685,685,,X,0,,0,,,,,,0,,,06/05/01,12/19/18,,,,,0,0,0,0,0,0,0,0,0,0,0,0,0,,,,,,,,,,,,,,,,,,,,0,0,0,0,0,0,0,0,0,0,0,0,0,,,,0,0,0,,,0,0,0,0,0,,,,,,EA,,0,,0,0,Y,,,,1,,LB,N,,,,,,,,,N,,0,0,,,0,0,0,Y,O,Y,,,,0,0,,,,,,,,,,,,,,,,,,,,,,N,,,,Y,N,,,Y,,,,,,,,1,,,,,Weblink,,,,,,,,,,,,,,,,,,N
1,0NONE,US,696,,,"INJECTOR, AIR, BOU-MATIC",,2,0,0,2,125,,,,,,3751000,,0,1,N,N,EA,EA,EA,1,1,125,125,,125,88.24,75,,,40,40,75,75,75,75,75,75,,X,0,,0,,,,,,0,,,06/05/01,12/19/18,,,,,0,0,0,0,0,0,0,0,0,0,0,0,0,,,,,,,,,,,,,,,,,,,,0,0,0,0,0,0,0,0,0,0,0,0,0,,,,0,0,0,,,0,0,0,0,0,,,,,,EA,,0,,0,0,Y,,,,1,,LB,N,,,,,,,,,N,,0,0,,,0,0,0,Y,O,Y,,,,0,0,,,,,,,,,,,,,,,,,,,,,,N,,,,Y,N,,,Y,,,,,,,1,1,,,,,Weblink,,,,,,,,,,,,,,,,,,N
1,0NONE,US,704UE,,,"TANK, 400 DARI-KOOL",,1,0,0,1,400,,,,,,3756700,,0,1,N,N,EA,EA,EA,1,1,400,400,,400,,,,,0,100,200,200,200,0.001,0.001,0.001,,X,0,,0,,,,,,0,,,06/05/01,12/19/18,,,,,0,0,0,0,0,0,0,0,0,0,0,0,0,,,,,,,,,,,,,,,,,,,,0,0,0,0,0,0,0,0,0,0,0,0,0,,,,0,0,0,,,0,0,0,0,0,,,,,,EA,,0,,0,0,Y,,,,1,,LB,N,,,,,,,,,N,,0,0,,,0,0,0,Y,O,Y,,,,0,0,,,,,,,,,,,,,,,,,,,,,,N,,,,Y,N,,,Y,,,,,,,,1,,,,,Weblink,,,,,,,,,,,,,,,,,,N
1,0NONE,US,624,,,"MOTOR, 71/2 H.P., GE",,6,0,0,6,300,,,,,,3813900,,0,1,N,N,EA,EA,EA,1,1,300,300,,300,177,150,,,50,50,150,150,150,150,150,150,,X,0,,0,,,,,,0,,,06/05/01,12/19/18,,,,,0,0,0,0,0,0,0,0,0,0,0,0,0,,,,,,,,,,,,,,,,,,,,0,0,0,0,0,0,0,0,0,0,0,0,0,,,,0,0,0,,,0,0,0,0,0,,,,,,EA,,0,,0,0,Y,,,,1,,LB,N,,,,,,,,,N,,0,0,,,0,0,0,Y,O,Y,,,,0,0,,,,,,,,,,,,,,,,,,,,,,N,,,,Y,N,,,Y,,,,,,,5,1,,,,,Weblink,,,,,,,,,,,,,,,,,,N
1,0NONE,US,630,,,"REGULATOR, MARK II, USED",,1,0,0,1,100,,,,,,3816800,,0,1,N,N,EA,EA,EA,1,1,100,100,,100,90,75,,,25,25,75,75,75,75,75,75,,X,0,,0,,,,,,0,,,06/05/01,12/19/18,,,,,0,0,0,0,0,0,0,0,0,0,0,0,0,,,,,,,,,,,,,,,,,,,,0,0,0,0,0,0,0,0,0,0,0,0,0,,,,0,0,0,,,0,0,0,0,0,,,,,,EA,,0,,0,0,Y,,,,1,,LB,N,,,,,,,,,N,,0,0,,,0,0,0,Y,O,Y,,,,0,0,,,,,,,,,,,,,,,,,,,,,,N,,,,Y,N,,,Y,,,,,,,,1,,,,,Weblink,,,,,,,,,,,,,,,,,,N
1,0NONE,US,824UE,,,"CONDENSOR, AUXILARY, 4TON",,2,0,0,2,395,,,,,,3841500,,0,1,N,N,EA,EA,EA,1,1,395,395,,395,235.3,200,,,49.37,49.367,200,200,200,200,200,200,,X,0,,0,,,,,,0,,,06/05/01,12/19/18,,,,,0,0,0,0,0,0,0,0,0,0,0,0,0,,,,,,,,,,,,,,,,,,,,0,0,0,0,0,0,0,0,0,0,0,0,0,,,,0,0,0,,,0,0,0,0,0,,,,,,EA,,0,,0,0,Y,,,,1,,LB,N,,,,,,,,,N,,0,0,,,0,0,0,Y,O,Y,,,,0,0,,,,,,,,,,,,,,,,,,,,,,N,,,,Y,N,,,Y,,,,,,,1,1,,,,,Weblink,,,,,,,,,,,,,,,,,,N
1,0NONE,US,580,,,"USED, COMPUTER TAGS,",,80,0,0,80,20,,,,,,3848100,,0,1,N,N,EA,EA,EA,1,1,20,20,,20,10,5,,,75,75,5,5,5,5,5,5,,X,0,,0,,,,,,0,,,06/05/01,12/19/18,,,,,0,0,0,0,0,0,0,0,0,0,0,0,0,,,,,,,,,,,,,,,,,,,,0,0,0,0,0,0,0,0,0,0,0,0,0,,,,0,0,0,,,0,0,0,0,0,,,,,,EA,,0,,0,0,Y,,,,1,,LB,N,,,,,,,,,N,,0,0,,,0,0,0,Y,O,Y,,,,0,0,,,,,,,,,,,,,,,,,,,,,,N,,,,Y,N,,,Y,,,,,,,79,1,,,,,Weblink,,,,,,,,,,,,,,,,,,N
1,0NONE,US,691,,,"PUMP, PRESSURE, SPRAZALL",,1,0,0,1,295,,,,,,3853400,,0,1,N,N,EA,EA,EA,1,1,295,295,,295,250,224.67,,,23.84,23.841,224.67,224.67,224.67,224.67,224.67,224.67,,X,0,,0,,,,,,0,,,06/05/01,12/19/18,,,,,0,0,0,0,0,0,0,0,0,0,0,0,0,,,,,,,,,,,,,,,,,,,,0,0,0,0,0,0,0,0,0,0,0,0,0,,,,0,0,0,,,0,0,0,0,0,,,,,,EA,,0,,0,0,Y,,,,1,,LB,N,,,,,,,,,N,,0,0,,,0,0,0,Y,O,Y,,,,0,0,,,,,,,,,,,,,,,,,,,,,,N,,,,Y,N,,,Y,,,,,,,,1,,,,,Weblink,,,,,,,,,,,,,,,,,,N
1,0NONE,US,597,,,"PUMP, VACUUM, DB2000",,1,0,0,1,495,,,,,,3865500,,0,1,N,N,EA,EA,EA,1,1,495,495,,495,295,250,,,49.49,49.495,250,250,250,250,250,250,,X,0,,0,,,,,,0,,,06/05/01,12/19/18,,,,,0,0,0,0,0,0,0,0,0,0,0,0,0,,,,,,,,,,,,,,,,,,,,0,0,0,0,0,0,0,0,0,0,0,0,0,,,,0,0,0,,,0,0,0,0,0,,,,,,EA,,0,,0,0,Y,,,,1,,LB,N,,,,,,,,,N,,0,0,,,0,0,0,Y,O,Y,,,,0,0,,,,,,,,,,,,,,,,,,,,,,N,,,,Y,N,,,Y,,,,,,,,1,,,,,Weblink,,,,,,,,,,,,,,,,,,N
1,0NONE,US,833UE,,,"PUMP, VAC., AIR STAR 15",,1,0,0,1,3195,,,,,,3884700,,0,1,N,N,EA,EA,EA,1,1,3195,3195,,3195,2820,2395,,,25.04,25.039,1795,1795,1795,2395,2395,2395,,X,0,,0,,,,,,0,,,06/05/01,12/19/18,,,,,0,0,0,0,0,0,0,0,0,0,0,0,0,,,,,,,,,,,,,,,,,,,,0,0,0,0,0,0,0,0,0,0,0,0,0,,,,0,0,0,,,0,0,0,0,0,,,,,,EA,,0,,0,0,Y,,,,1,,LB,N,,,,,,,,,N,,0,0,,,0,0,0,Y,O,Y,,,,0,0,,,,,,,,,,,,,,,,,,,,,,N,,,,Y,N,,,Y,,,,,,,,1,,,,,Weblink,,,,,,,,,,,,,,,,,,N
2,,US,851,,,"PUMP, VACUUM, DELAVAL W/",,0,0,0,0,895,,,,,,3886100,,0,1,N,N,EA,EA,EA,1,1,895,895,,895,645,545.79,,,39.02,39.018,545.79,545.79,545.79,545.79,545.79,545.79,,X,0,,0,,,,,,0,,,06/05/01,,,,,,0,0,0,0,0,0,0,0,0,0,0,0,0,,,,,,,,,,,,,,,,,,,,0,0,0,0,0,0,0,0,0,0,0,0,0,,,,0,0,0,,,0,0,0,0,0,,,,,,EA,,0,,0,0,Y,,,,1,,LB,N,,,,,,,,,N,,0,0,,,0,0,0,Y,O,Y,,,,0,0,,,,,,,,,,,,,,,,,,,,,,N,,,,N,N,,,Y,,,,,,,,1,,,,,Weblink,,,,,,,,,,,,,,,,,,N
1,0NONE,US,851,,,"PUMP, VACUUM, DELAVAL W/",,1,0,0,1,895,,,,,,3886200,,0,1,N,N,EA,EA,EA,1,1,895,895,,895,645,545.79,,,39.02,39.018,545.79,545.79,545.79,545.79,545.79,545.79,,X,0,,0,,,,,,0,,,06/05/01,12/19/18,,,,,0,0,0,0,0,0,0,0,0,0,0,0,0,,,,,,,,,,,,,,,,,,,,0,0,0,0,0,0,0,0,0,0,0,0,0,,,,0,0,0,,,0,0,0,0,0,,,,,,EA,,0,,0,0,Y,,,,1,,LB,N,,,,,,,,,N,,0,0,,,0,0,0,Y,O,Y,,,,0,0,,,,,,,,,,,,,,,,,,,,,,N,,,,Y,N,,,Y,,,,,,,,1,,,,,Weblink,,,,,,,,,,,,,,,,,,N
1,0NONE,US,756UE,,,"ELL, S/S, 1 1/2""",,6,0,0,6,16,,,,,,3889700,,0,1,N,N,EA,EA,EA,1,1,16,16,,16,9.42,8,,,50,50,8,8,8,8,8,8,,X,0,,0,,,,,,0,,,06/05/01,12/19/18,,,,,0,0,0,0,0,0,0,0,0,0,0,0,0,,,,,,,,,,,,,,,,,,,,0,0,0,0,0,0,0,0,0,0,0,0,0,,,,0,0,0,,,0,0,0,0,0,,,,,,EA,,0,,0,0,Y,,,,1,,LB,N,,,,,,,,,N,,0,0,,,0,0,0,Y,O,Y,,,,0,0,,,,,,,,,,,,,,,,,,,,,,N,,,,Y,N,,,Y,,,,,,,5,1,,,,,Weblink,,,,,,,,,,,,,,,,,,N
1,0NONE,US,761,,,"ELL, AUTOMATIC DRAIN",,1,0,0,1,50,,,,,,3901100,,0,1,N,N,EA,EA,EA,1,1,50,50,,50,16.5,14,,,72,72,14,14,14,14,14,14,,X,0,,0,,,,,,0,,,06/05/01,12/19/18,,,,,0,0,0,0,0,0,0,0,0,0,0,0,0,,,,,,,,,,,,,,,,,,,,0,0,0,0,0,0,0,0,0,0,0,0,0,,,,0,0,0,,,0,0,0,0,0,,,,,,EA,,0,,0,0,Y,,,,1,,LB,N,,,,,,,,,N,,0,0,,,0,0,0,Y,O,Y,,,,0,0,,,,,,,,,,,,,,,,,,,,,,N,,,,Y,N,,,Y,,,,,,,,1,,,,,Weblink,,,,,,,,,,,,,,,,,,N
1,0NONE,US,763,,,"CLAW, BM BARRELL, 9/16""",,4,0,0,4,50,,,,,,3901600,,0,1,N,N,EA,EA,EA,1,1,50,50,,50,17.65,15,,,70,70,15,15,15,15,15,15,,X,0,,0,,,,,,0,,,06/05/01,12/19/18,,,,,0,0,0,0,0,0,0,0,0,0,0,0,0,,,,,,,,,,,,,,,,,,,,0,0,0,0,0,0,0,0,0,0,0,0,0,,,,0,0,0,,,0,0,0,0,0,,,,,,EA,,0,,0,0,Y,,,,1,,LB,N,,,,,,,,,N,,0,0,,,0,0,0,Y,O,Y,,,,0,0,,,,,,,,,,,,,,,,,,,,,,N,,,,Y,N,,,Y,,,,,,,3,1,,,,,Weblink,,,,,,,,,,,,,,,,,,N
1,0NONE,US,768,,,"HEATER, 60,000BTU DAYTON",,1,0,0,1,250,,,,,,3905200,,0,1,N,N,EA,EA,EA,1,1,250,250,,250,127.06,108,,,16.26,16.256,158.68,158.68,158.68,209.36,209.36,209.36,,X,0,,0,,,,,,0,,,06/05/01,12/19/18,,,,,0,0,0,0,0,0,0,0,0,0,0,0,0,,,,,,,,,,,,,,,,,,,,0,0,0,0,0,0,0,0,0,0,0,0,0,,,,0,0,0,,,0,0,0,0,0,,,,,,EA,,0,,0,0,Y,,,,1,,LB,N,,,,,,,,,N,,0,0,,,0,0,0,Y,O,Y,,,,0,0,,,,,,,,,,,,,,,,,,,,,,N,,,,Y,N,,,Y,,,,,,,,1,,,,,Weblink,,,,,,,,,,,,,,,,,,N
1,0NONE,US,774,,,"PUMP, VACUUM, AIR STAR",,1,0,0,1,695,,,,,,3914200,,0,1,N,N,EA,EA,EA,1,1,695,695,,695,527.97,448.77,,,35.43,35.429,448.77,448.77,448.77,448.77,448.77,448.77,,X,0,,0,,,,,,0,,,06/05/01,12/19/18,,,,,0,0,0,0,0,0,0,0,0,0,0,0,0,,,,,,,,,,,,,,,,,,,,0,0,0,0,0,0,0,0,0,0,0,0,0,,,,0,0,0,,,0,0,0,0,0,,,,,,EA,,0,,0,0,Y,,,,1,,LB,N,,,,,,,,,N,,0,0,,,0,0,0,Y,O,Y,,,,0,0,,,,,,,,,,,,,,,,,,,,,,N,,,,Y,N,,,Y,,,,,,,,1,,,,,Weblink,,,,,,,,,,,,,,,,,,N
1,0NONE,US,844,,,"CONTROLL, MILK PUMP",,1,0,0,1,200,,,,,,3916200,,0,1,N,N,EA,EA,EA,1,1,200,200,,200,100,,,,0,100,0.001,0.001,0.001,0.001,0.001,0.001,,X,0,,0,,,,,,0,,,06/05/01,12/19/18,,,,,0,0,0,0,0,0,0,0,0,0,0,0,0,,,,,,,,,,,,,,,,,,,,0,0,0,0,0,0,0,0,0,0,0,0,0,,,,0,0,0,,,0,0,0,0,0,,,,,,EA,,0,,0,0,Y,,,,1,,LB,N,,,,,,,,,N,,0,0,,,0,0,0,Y,O,Y,,,,0,0,,,,,,,,,,,,,,,,,,,,,,N,,,,Y,N,,,Y,,,,,,,,1,,,,,Weblink,,,,,,,,,,,,,,,,,,N
1,0NONE,US,716,,,"ELL, S/S, 2""",,1,0,0,1,15,,,,,,3923100,,0,1,N,N,EA,EA,EA,1,1,15,15,,15,11.77,10,,,33.33,33.333,10,10,10,10,10,10,,X,0,,0,,,,,,0,,,06/05/01,12/19/18,,,,,0,0,0,0,0,0,0,0,0,0,0,0,0,,,,,,,,,,,,,,,,,,,,0,0,0,0,0,0,0,0,0,0,0,0,0,,,,0,0,0,,,0,0,0,0,0,,,,,,EA,,0,,0,0,Y,,,,1,,LB,N,,,,,,,,,N,,0,0,,,0,0,0,Y,O,Y,,,,0,0,,,,,,,,,,,,,,,,,,,,,,N,,,,Y,N,,,Y,,,,,,,,1,,,,,Weblink,,,,,,,,,,,,,,,,,,N
1,0NONE,US,627,,,"PULSATOR, USED, WARDELL",,1,0,0,1,75,,,,,,3936800,,0,1,N,N,EA,EA,EA,1,1,75,75,,75,58.85,50,,,33.33,33.333,50,50,50,50,50,50,,X,0,,0,,,,,,0,,,06/05/01,12/19/18,,,,,0,0,0,0,0,0,0,0,0,0,0,0,0,,,,,,,,,,,,,,,,,,,,0,0,0,0,0,0,0,0,0,0,0,0,0,,,,0,0,0,,,0,0,0,0,0,,,,,,EA,,0,,0,0,Y,,,,1,,LB,N,,,,,,,,,N,,0,0,,,0,0,0,Y,O,Y,,,,0,0,,,,,,,,,,,,,,,,,,,,,,N,,,,Y,N,,,Y,,,,,,,,1,,,,,Weblink,,,,,,,,,,,,,,,,,,N
1,0NONE,US,630UE,,,"CLAW, FLO-STAR, W/O VALVE",,8,0,0,8,150,,,,,,3939300,,0,1,N,N,EA,EA,EA,1,1,150,150,,150,105.9,90,,,40,40,90,90,90,90,90,90,,X,0,,0,,,,,,0,,,06/05/01,12/19/18,,,,,0,0,0,0,0,0,0,0,0,0,0,0,0,,,,,,,,,,,,,,,,,,,,0,0,0,0,0,0,0,0,0,0,0,0,0,,,,0,0,0,,,0,0,0,0,0,,,,,,EA,,0,,0,0,Y,,,,1,,LB,N,,,,,,,,,N,,0,0,,,0,0,0,Y,O,Y,,,,0,0,,,,,,,,,,,,,,,,,,,,,,N,,,,Y,N,,,Y,,,,,,,7,1,,,,,Weblink,,,,,,,,,,,,,,,,,,N
1,0NONE,US,720,,,"HEATER, CAMBRIDGE, USED",,1,0,0,1,295,,,,,,3950800,,0,1,N,N,EA,EA,EA,1,1,295,295,,295,205.89,175,,,40.68,40.678,175,175,175,175,175,175,,X,0,,0,,,,,,0,,,06/05/01,12/19/18,,,,,0,0,0,0,0,0,0,0,0,0,0,0,0,,,,,,,,,,,,,,,,,,,,0,0,0,0,0,0,0,0,0,0,0,0,0,,,,0,0,0,,,0,0,0,0,0,,,,,,EA,,0,,0,0,Y,,,,1,,LB,N,,,,,,,,,N,,0,0,,,0,0,0,Y,O,Y,,,,0,0,,,,,,,,,,,,,,,,,,,,,,N,,,,Y,N,,,Y,,,,,,,,1,,,,,Weblink,,,,,,,,,,,,,,,,,,N
1,0NONE,US,721,,,"HEATER, CAMBRIDGE, USED",,1,0,0,1,295,,,,,,3951000,,0,1,N,N,EA,EA,EA,1,1,295,295,,295,194.12,165,,,44.07,44.068,165,165,165,165,165,165,,X,0,,0,,,,,,0,,,06/05/01,12/19/18,,,,,0,0,0,0,0,0,0,0,0,0,0,0,0,,,,,,,,,,,,,,,,,,,,0,0,0,0,0,0,0,0,0,0,0,0,0,,,,0,0,0,,,0,0,0,0,0,,,,,,EA,,0,,0,0,Y,,,,1,,LB,N,,,,,,,,,N,,0,0,,,0,0,0,Y,O,Y,,,,0,0,,,,,,,,,,,,,,,,,,,,,,N,,,,Y,N,,,Y,,,,,,,,1,,,,,Weblink,,,,,,,,,,,,,,,,,,N
1,0NONE,US,736,,,"CONDENSING UNIT, 3 H.P.",,1,0,0,1,525,,,,,,3952300,,0,1,N,N,EA,EA,EA,1,1,525,525,,525,382.36,325,,,38.1,38.095,325,325,325,325,325,325,,X,0,,0,,,,,,0,,,06/05/01,12/19/18,,,,,0,0,0,0,0,0,0,0,0,0,0,0,0,,,,,,,,,,,,,,,,,,,,0,0,0,0,0,0,0,0,0,0,0,0,0,,,,0,0,0,,,0,0,0,0,0,,,,,,EA,,0,,0,0,Y,,,,1,,LB,N,,,,,,,,,N,,0,0,,,0,0,0,Y,O,Y,,,,0,0,,,,,,,,,,,,,,,,,,,,,,N,,,,Y,N,,,Y,,,,,,,,1,,,,,Weblink,,,,,,,,,,,,,,,,,,N
1,0NONE,US,798,,,"REGULATOR, MARK I",,1,0,0,1,95,,,,,,3963000,,0,1,N,N,EA,EA,EA,1,1,95,95,,95,58.85,50,,,47.37,47.368,50,50,50,50,50,50,,X,0,,0,,,,,,0,,,06/05/01,12/19/18,,,,,0,0,0,0,0,0,0,0,0,0,0,0,0,,,,,,,,,,,,,,,,,,,,0,0,0,0,0,0,0,0,0,0,0,0,0,,,,0,0,0,,,0,0,0,0,0,,,,,,EA,,0,,0,0,Y,,,,1,,LB,N,,,,,,,,,N,,0,0,,,0,0,0,Y,O,Y,,,,0,0,,,,,,,,,,,,,,,,,,,,,,N,,,,Y,N,,,Y,,,,,,,,1,,,,,Weblink,,,,,,,,,,,,,,,,,,N
1,0NONE,US,741UE,,,"DRYER, MC675",,1,0,0,1,1095,,,,,,3983600,,0,1,N,N,EA,EA,EA,1,1,1095,1095,,1095,862.23,732.89,,,33.07,33.069,732.89,732.89,732.89,732.89,732.89,732.89,,X,0,,0,,,,,,0,,,06/05/01,12/19/18,,,,,0,0,0,0,0,0,0,0,0,0,0,0,0,,,,,,,,,,,,,,,,,,,,0,0,0,0,0,0,0,0,0,0,0,0,0,,,,0,0,0,,,0,0,0,0,0,,,,,,EA,,0,,0,0,Y,,,,1,,LB,N,,,,,,,,,N,,0,0,,,0,0,0,Y,O,Y,,,,0,0,,,,,,,,,,,,,,,,,,,,,,N,,,,Y,N,,,Y,,,,,,,,1,,,,,Weblink,,,,,,,,,,,,,,,,,,N
1,0NONE,US,746,,,"WASHER, TANK, SUNSET",,-1,0,0,-1,500,,,,,,4007000,,0,1,N,N,EA,EA,EA,1,1,500,500,,500,150,75,,,85,85,75,75,75,75,75,75,,X,0,,0,,,,,,0,,,06/05/01,12/19/18,,,,,0,0,0,0,0,0,0,0,0,0,0,0,0,,,,,,,,,,,,,,,,,,,,0,0,0,0,0,0,0,0,0,0,0,0,0,,,,0,0,0,,,0,0,0,0,0,,,,,,EA,,0,,0,0,Y,,,,1,,LB,N,,,,,,,,,N,,0,0,,,0,0,0,Y,O,Y,,,,0,0,,,,,,,,,,,,,,,,,,,,,,N,,,,Y,N,,,Y,,,,,,,,1,,,,,Weblink,,,,,,,,,,,,,,,,,,N
1,0NONE,US,866UE,,,"COMPRESSOR, COPELAND, 2HP",,0,0,0,0,150,,,,,,4014300,,0,1,N,N,EA,EA,EA,1,1,150,150,,150,100,50,,,66.67,66.667,50,50,50,50,50,50,,X,0,,0,,,,,,0,,,06/05/01,12/19/18,,,,,0,0,0,0,0,0,0,0,0,0,0,0,0,,,,,,,,,,,,,,,,,,,,0,0,0,0,0,0,0,0,0,0,0,0,0,,,,0,0,0,,,0,0,0,0,0,,,,,,EA,,0,,0,0,Y,,,,1,,LB,N,,,,,,,,,N,,0,0,,,0,0,0,Y,O,Y,,,,0,0,,,,,,,,,,,,,,,,,,,,,,N,,,,Y,N,,,Y,,,,,,,,1,,,,,Weblink,,,,,,,,,,,,,,,,,,N
1,0NONE,US,352UE,,,"SHELL, S/S, BOU-MATIC",,28,0,0,28,10,,,,,,3097900,,0,1,N,N,EA,EA,EA,1,1,10,10,,10,,,,,99.99,99.99,6,6,6,0.001,0.001,0.001,,X,0,,0,,,,,,0,,,06/05/01,12/19/18,,,,,0,0,0,0,0,0,0,0,0,0,0,0,0,,,,,,,,,,,,,,,,,,,,0,0,0,0,0,0,0,0,0,0,0,0,0,,,,0,0,0,,,0,0,0,0,0,,,,,,EA,,0,,0,0,Y,,,,1,,LB,N,,,,,,,,,N,,0,0,,,0,0,0,Y,O,Y,,,,0,0,,,,,,,,,,,,,,,,,,,,,,N,,,,Y,N,,,Y,,,,,,,27,1,,,,,Weblink,,,,,,,,,,,,,,,,,,N
1,0NONE,US,811,,,"DETACHER W/METER, 2000VM",,11,0,0,11,600,,,,,,4035300,,0,1,N,N,EA,EA,EA,1,1,600,600,,600,475,400,,,33.33,33.333,400,400,400,400,400,400,,X,0,,0,,,,,,0,,,06/05/01,12/19/18,,,,,0,0,0,0,0,0,0,0,0,0,0,0,0,,,,,,,,,,,,,,,,,,,,0,0,0,0,0,0,0,0,0,0,0,0,0,,,,0,0,0,,,0,0,0,0,0,,,,,,EA,,0,,0,0,Y,,,,1,,LB,N,,,,,,,,,N,,0,0,,,0,0,0,Y,O,Y,,,,0,0,,,,,,,,,,,,,,,,,,,,,,N,,,,Y,N,,,Y,,,,,,,10,1,,,,,Weblink,,,,,,,,,,,,,,,,,,N
1,125,US,899,,,RECEIVER GROUP,,1,0,0,1,3200,125,,,,,4121900,,0,1,N,N,EA,EA,EA,1,1,3200,3200,,3200,265,225,,,25,25,2400,2400,2400,2400,2400,2400,,X,0,,0,,,,,,0,,,06/05/01,12/19/18,,,,,0,0,0,0,0,0,0,0,0,0,0,0,0,,,,,,,,,,,,,,,,,,,,0,0,0,0,0,0,0,0,0,0,0,0,0,,,,0,0,0,,,0,0,0,0,0,,,,,,EA,,0,,0,0,Y,,,,1,,LB,N,,,,,,,,,N,,0,0,,,0,0,0,Y,O,Y,,,,0,0,,,,,,,,,,,,,,,,,,,,,,N,,,,Y,N,,,Y,,,,,,,,1,,,,,Weblink,,,,,,,,,,,,,,,,,,N
1,0NONE,US,868UE,,,"REGULATOR, MARK II",,1,0,0,1,150,,,,,,4150800,,0,1,N,N,EA,EA,EA,1,1,150,150,,150,100,75,,,50,50,75,75,75,75,75,75,,X,0,,0,,,,,,0,,,06/05/01,12/19/18,,,,,0,0,0,0,0,0,0,0,0,0,0,0,0,,,,,,,,,,,,,,,,,,,,0,0,0,0,0,0,0,0,0,0,0,0,0,,,,0,0,0,,,0,0,0,0,0,,,,,,EA,,0,,0,0,Y,,,,1,,LB,N,,,,,,,,,N,,0,0,,,0,0,0,Y,O,Y,,,,0,0,,,,,,,,,,,,,,,,,,,,,,N,,,,Y,N,,,Y,,,,,,,,1,,,,,Weblink,,,,,,,,,,,,,,,,,,N
1,0NONE,US,872,,,"TANK, BULK, 500 GAL.",,1,0,0,1,695,,,,,,4151200,,0,1,N,N,EA,EA,EA,1,1,695,695,,695,590,500,,,28.06,28.058,500,500,500,500,500,500,,X,0,,0,,,,,,0,,,06/05/01,12/19/18,,,,,0,0,0,0,0,0,0,0,0,0,0,0,0,,,,,,,,,,,,,,,,,,,,0,0,0,0,0,0,0,0,0,0,0,0,0,,,,0,0,0,,,0,0,0,0,0,,,,,,EA,,0,,0,0,Y,,,,1,,LB,N,,,,,,,,,N,,0,0,,,0,0,0,Y,O,Y,,,,0,0,,,,,,,,,,,,,,,,,,,,,,N,,,,Y,N,,,Y,,,,,,,,1,,,,,Weblink,,,,,,,,,,,,,,,,,,N
1,0NONE,US,883,,,"MOTOR, LESSON, 5 H.P.",,1,0,0,1,250,,,,,,4164700,,0,1,N,N,EA,EA,EA,1,1,250,250,,250,210.6,179,,,28.4,28.4,179,179,179,179,179,179,,X,0,,0,,,,,,0,,,06/05/01,12/19/18,,,,,0,0,0,0,0,0,0,0,0,0,0,0,0,,,,,,,,,,,,,,,,,,,,0,0,0,0,0,0,0,0,0,0,0,0,0,,,,0,0,0,,,0,0,0,0,0,,,,,,EA,,0,,0,0,Y,,,,1,,LB,N,,,,,,,,,N,,0,0,,,0,0,0,Y,O,Y,,,,0,0,,,,,,,,,,,,,,,,,,,,,,N,,,,Y,N,,,Y,,,,,,,,1,,,,,Weblink,,,,,,,,,,,,,,,,,,N
1,0NONE,US,881,,,"ALTERNATOR, WINPOWER",,1,0,0,1,1695,,,,,,4165700,,0,1,N,N,EA,EA,EA,1,1,1695,1695,,1695,1411.8,1200,,,29.2,29.204,1200,1200,1200,1200,1200,1200,,X,0,,0,,,,,,0,,,06/05/01,12/19/18,,,,,0,0,0,0,0,0,0,0,0,0,0,0,0,,,,,,,,,,,,,,,,,,,,0,0,0,0,0,0,0,0,0,0,0,0,0,,,,0,0,0,,,0,0,0,0,0,,,,,,EA,,0,,0,0,Y,,,,1,,LB,N,,,,,,,,,N,,0,0,,,0,0,0,Y,O,Y,,,,0,0,,,,,,,,,,,,,,,,,,,,,,N,,,,Y,N,,,Y,,,,,,,,1,,,,,Weblink,,,,,,,,,,,,,,,,,,N
1,0NONE,US,255A,,,"ELL, S/S, 1 1/2""",,5,0,0,5,10,,,,,,2928800,,0,1,N,N,EA,EA,EA,1,1,10,10,,10,,,,,99.99,99.99,0.001,0.001,0.001,0.001,0.001,0.001,,X,0,,0,,,,,,0,,,06/05/01,12/19/18,,,,,0,0,0,0,0,0,0,0,0,0,0,0,0,,,,,,,,,,,,,,,,,,,,0,0,0,0,0,0,0,0,0,0,0,0,0,,,,0,0,0,,,0,0,0,0,0,,,,,,EA,,0,,0,0,Y,,,,1,,LB,N,,,,,,,,,N,,0,0,,,0,0,0,Y,O,Y,,,,0,0,,,,,,,,,,,,,,,,,,,,,,N,,,,Y,N,,,Y,,,,,,,4,1,,,,,Weblink,,,,,,,,,,,,,,,,,,N
1,0NONE,US,634,,,"ELL, VACUUM, 3"" S/S",,1,0,0,1,80,,,,,,4624500,,0,1,N,N,EA,EA,EA,1,1,80,80,,80,55,40,,,50,50,40,40,40,40,40,40,,X,0,,0,,,,,,0,,,06/05/01,12/19/18,,,,,0,0,0,0,0,0,0,0,0,0,0,0,0,,,,,,,,,,,,,,,,,,,,0,0,0,0,0,0,0,0,0,0,0,0,0,,,,0,0,0,,,0,0,0,0,0,,,,,,EA,,0,,0,0,Y,,,,1,,LB,N,,,,,,,,,N,,0,0,,,0,0,0,Y,O,Y,,,,0,0,,,,,,,,,,,,,,,,,,,,,,N,,,,Y,N,,,Y,,,,,,,,1,,,,,Weblink,,,,,,,,,,,,,,,,,,N
1,0NONE,US,646UE,,,"RECEIVER GROUP, USED, 2""",,1,0,0,1,500,,,,,,4632500,,0,1,N,N,EA,EA,EA,1,1,500,500,,500,425,350,,,30,30,350,350,350,350,350,350,,X,0,,0,,,,,,0,,,06/05/01,12/19/18,,,,,0,0,0,0,0,0,0,0,0,0,0,0,0,,,,,,,,,,,,,,,,,,,,0,0,0,0,0,0,0,0,0,0,0,0,0,,,,0,0,0,,,0,0,0,0,0,,,,,,EA,,0,,0,0,Y,,,,1,,LB,N,,,,,,,,,N,,0,0,,,0,0,0,Y,O,Y,,,,0,0,,,,,,,,,,,,,,,,,,,,,,N,,,,Y,N,,,Y,,,,,,,,1,,,,,Weblink,,,,,,,,,,,,,,,,,,N
1,0NONE,US,584UE,,,"USED, COMPUTER TAG",,44,0,0,44,25,,,,,,4650400,,0,1,N,N,EA,EA,EA,1,1,25,25,,25,15,10,,,60,60,10,10,10,10,10,10,,X,0,,0,,,,,,0,,,06/05/01,12/19/18,,,,,0,0,0,0,0,0,0,0,0,0,0,0,0,,,,,,,,,,,,,,,,,,,,0,0,0,0,0,0,0,0,0,0,0,0,0,,,,0,0,0,,,0,0,0,0,0,,,,,,EA,,0,,0,0,Y,,,,1,,LB,N,,,,,,,,,N,,0,0,,,0,0,0,Y,O,Y,,,,0,0,,,,,,,,,,,,,,,,,,,,,,N,,,,Y,N,,,Y,,,,,,,43,1,,,,,Weblink,,,,,,,,,,,,,,,,,,N
1,0NONE,US,588,,,"RECEIVER GROUP, USED, 2""",,1,0,0,1,395,,,,,,4653400,,0,1,N,N,EA,EA,EA,1,1,395,395,,395,300,200,,,49.37,49.367,200,200,200,200,200,200,,X,0,,0,,,,,,0,,,06/05/01,12/19/18,,,,,0,0,0,0,0,0,0,0,0,0,0,0,0,,,,,,,,,,,,,,,,,,,,0,0,0,0,0,0,0,0,0,0,0,0,0,,,,0,0,0,,,0,0,0,0,0,,,,,,EA,,0,,0,0,Y,,,,1,,LB,N,,,,,,,,,N,,0,0,,,0,0,0,Y,O,Y,,,,0,0,,,,,,,,,,,,,,,,,,,,,,N,,,,Y,N,,,Y,,,,,,,,1,,,,,Weblink,,,,,,,,,,,,,,,,,,N
1,0NONE,US,617,,,"ELLS, S/S, 1 1/2""",,4,0,0,4,15,,,,,,4672000,,0,1,N,N,EA,EA,EA,1,1,15,15,,15,11.25,5,,,99.99,99.993,0.001,0.001,0.001,0.001,0.001,0.001,,X,0,,0,,,,,,0,,,06/05/01,12/19/18,,,,,0,0,0,0,0,0,0,0,0,0,0,0,0,,,,,,,,,,,,,,,,,,,,0,0,0,0,0,0,0,0,0,0,0,0,0,,,,0,0,0,,,0,0,0,0,0,,,,,,EA,,0,,0,0,Y,,,,1,,LB,N,,,,,,,,,N,,0,0,,,0,0,0,Y,O,Y,,,,0,0,,,,,,,,,,,,,,,,,,,,,,N,,,,Y,N,,,Y,,,,,,,3,1,,,,,Weblink,,,,,,,,,,,,,,,,,,N
1,0NONE,US,620,,,"SHELL, DELAVAL 06",,-1,0,0,-1,8,,,,,,4678300,,0,1,N,Y,EA,EA,EA,1,1,8,8,,8,6,2,,,99.99,99.988,0.001,0.001,0.001,0.001,0.001,0.001,,X,0,,0,,,,,,0,04/21/17,,06/05/01,12/19/18,,,,,0,0,0,0,0,0,0,0,0,0,0,0,0,,,,,,,,,,,,,,,,,,,,0,0,0,0,0,0,0,0,0,0,0,0,0,,,,0,1,0,,,0,0,0,0,0,,,,,,EA,,0,,0,0,Y,,,,1,,LB,N,,,,,,,,,N,,0,0,,,0,0,0,Y,O,Y,,,,0,0,,,,,,,,,,,,,,,,,,,,,,N,,,,Y,N,,,Y,,,,,,,,1,,,,,Weblink,,,,,,,,,,,,,,,,,,N
1,0NONE,US,718,,,"FAN, BIN, BUTLER",,1,0,0,1,400,,,,,,4685800,,0,1,N,N,EA,EA,EA,1,1,400,400,,400,235.3,200,,,50,50,200,200,200,200,200,200,,X,0,,0,,,,,,0,,,06/05/01,12/19/18,,,,,0,0,0,0,0,0,0,0,0,0,0,0,0,,,,,,,,,,,,,,,,,,,,0,0,0,0,0,0,0,0,0,0,0,0,0,,,,0,0,0,,,0,0,0,0,0,,,,,,EA,,0,,0,0,Y,,,,1,,LB,N,,,,,,,,,N,,0,0,,,0,0,0,Y,O,Y,,,,0,0,,,,,,,,,,,,,,,,,,,,,,N,,,,Y,N,,,Y,,,,,,,,1,,,,,Weblink,,,,,,,,,,,,,,,,,,N
1,0NONE,US,806UE,,,"PANEL, CONTROL ""A""",,1,0,0,1,500,,,,,,4730700,,0,1,N,N,EA,EA,EA,1,1,500,500,,500,342.56,291.17,,,41.77,41.766,291.17,291.17,291.17,291.17,291.17,291.17,,X,0,,0,,,,,,0,,,06/05/01,12/19/18,,,,,0,0,0,0,0,0,0,0,0,0,0,0,0,,,,,,,,,,,,,,,,,,,,0,0,0,0,0,0,0,0,0,0,0,0,0,,,,0,0,0,,,0,0,0,0,0,,,,,,EA,,0,,0,0,Y,,,,1,,LB,N,,,,,,,,,N,,0,0,,,0,0,0,Y,O,Y,,,,0,0,,,,,,,,,,,,,,,,,,,,,,N,,,,Y,N,,,Y,,,,,,,,1,,,,,Weblink,,,,,,,,,,,,,,,,,,N
1,0NONE,US,764,,,"SHELL, DELAVAL 06",,1,0,0,1,8,,,,,,4744900,,0,1,N,N,EA,EA,EA,1,1,8,8,,8,4.75,4,,,50,50,4,4,4,4,4,4,,X,0,,0,,,,,,0,,,06/05/01,12/19/18,,,,,0,0,0,0,0,0,0,0,0,0,0,0,0,,,,,,,,,,,,,,,,,,,,0,0,0,0,0,0,0,0,0,0,0,0,0,,,,0,0,0,,,0,0,0,0,0,,,,,,EA,,0,,0,0,Y,,,,1,,LB,N,,,,,,,,,N,,0,0,,,0,0,0,Y,O,Y,,,,0,0,,,,,,,,,,,,,,,,,,,,,,N,,,,Y,N,,,Y,,,,,,,,1,,,,,Weblink,,,,,,,,,,,,,,,,,,N
1,0NONE,US,789,,,"COMPRESSOR, 3 H.P. TECH.",,1,0,0,1,500,,,,,,4759300,,0,1,N,N,EA,EA,EA,1,1,500,500,,500,352.95,300,,,40,40,300,300,300,300,300,300,,X,0,,0,,,,,,0,,,06/05/01,12/19/18,,,,,0,0,0,0,0,0,0,0,0,0,0,0,0,,,,,,,,,,,,,,,,,,,,0,0,0,0,0,0,0,0,0,0,0,0,0,,,,0,0,0,,,0,0,0,0,0,,,,,,EA,,0,,0,0,Y,,,,1,,LB,N,,,,,,,,,N,,0,0,,,0,0,0,Y,O,Y,,,,0,0,,,,,,,,,,,,,,,,,,,,,,N,,,,Y,N,,,Y,,,,,,,,1,,,,,Weblink,,,,,,,,,,,,,,,,,,N
1,0NONE,US,892,,,"REGULATOR, SENTINEL 350",,1,0,0,1,150,,,,,,4770600,,0,1,N,N,EA,EA,EA,1,1,150,150,,150,90,75,,,50,50,75,75,75,75,75,75,,X,0,,0,,,,,,0,,,06/05/01,12/19/18,,,,,0,0,0,0,0,0,0,0,0,0,0,0,0,,,,,,,,,,,,,,,,,,,,0,0,0,0,0,0,0,0,0,0,0,0,0,,,,0,0,0,,,0,0,0,0,0,,,,,,EA,,0,,0,0,Y,,,,1,,LB,N,,,,,,,,,N,,0,0,,,0,0,0,Y,O,Y,,,,0,0,,,,,,,,,,,,,,,,,,,,,,N,,,,Y,N,,,Y,,,,,,,,1,,,,,Weblink,,,,,,,,,,,,,,,,,,N
1,0NONE,US,852,,,"CLAW, FLO-STAR W/O VALVE",,9,0,0,9,175,,,,,,4776800,,0,1,N,N,EA,EA,EA,1,1,175,175,,175,120,100,,,42.86,42.857,100,100,100,100,100,100,,X,0,,0,,,,,,0,,,06/05/01,12/19/18,,,,,0,0,0,0,0,0,0,0,0,0,0,0,0,,,,,,,,,,,,,,,,,,,,0,0,0,0,0,0,0,0,0,0,0,0,0,,,,0,0,0,,,0,0,0,0,0,,,,,,EA,,0,,0,0,Y,,,,1,,LB,N,,,,,,,,,N,,0,0,,,0,0,0,Y,O,Y,,,,0,0,,,,,,,,,,,,,,,,,,,,,,N,,,,Y,N,,,Y,,,,,,,8,1,,,,,Weblink,,,,,,,,,,,,,,,,,,N
2,,US,852,,,"CLAW, FLO-STAR W/O VALVE",,0,0,0,0,175,,,,,,4776900,,0,1,N,N,EA,EA,EA,1,1,175,175,,175,120,100,,,42.86,42.857,100,100,100,100,100,100,,X,0,,0,,,,,,0,,,06/05/01,,,,,,0,0,0,0,0,0,0,0,0,0,0,0,0,,,,,,,,,,,,,,,,,,,,0,0,0,0,0,0,0,0,0,0,0,0,0,,,,0,0,0,,,0,0,0,0,0,,,,,,EA,,0,,0,0,Y,,,,1,,LB,N,,,,,,,,,N,,0,0,,,0,0,0,Y,O,Y,,,,0,0,,,,,,,,,,,,,,,,,,,,,,N,,,,N,N,,,Y,,,,,,,,1,,,,,Weblink,,,,,,,,,,,,,,,,,,N
1,0NONE,US,861,,,"ELL, S/S, 2""",,1,0,0,1,20,,,,,,4794500,,0,1,N,N,EA,EA,EA,1,1,20,20,,20,15,10,,,50,50,10,10,10,10,10,10,,X,0,,0,,,,,,0,,,06/05/01,12/19/18,,,,,0,0,0,0,0,0,0,0,0,0,0,0,0,,,,,,,,,,,,,,,,,,,,0,0,0,0,0,0,0,0,0,0,0,0,0,,,,0,0,0,,,0,0,0,0,0,,,,,,EA,,0,,0,0,Y,,,,1,,LB,N,,,,,,,,,N,,0,0,,,0,0,0,Y,O,Y,,,,0,0,,,,,,,,,,,,,,,,,,,,,,N,,,,Y,N,,,Y,,,,,,,,1,,,,,Weblink,,,,,,,,,,,,,,,,,,N
1,0NONE,US,862,,,"METER ONLY, DETACHER",,6,0,0,6,150,,,,,,4797700,,0,1,N,N,EA,EA,EA,1,1,150,150,,150,100,50,,,66.67,66.667,50,50,50,50,50,50,,X,0,,0,,,,,,0,,,06/05/01,12/19/18,,,,,0,0,0,0,0,0,0,0,0,0,0,0,0,,,,,,,,,,,,,,,,,,,,0,0,0,0,0,0,0,0,0,0,0,0,0,,,,0,0,0,,,0,0,0,0,0,,,,,,EA,,0,,0,0,Y,,,,1,,LB,N,,,,,,,,,N,,0,0,,,0,0,0,Y,O,Y,,,,0,0,,,,,,,,,,,,,,,,,,,,,,N,,,,Y,N,,,Y,,,,,,,5,1,,,,,Weblink,,,,,,,,,,,,,,,,,,N
1,0NONE,US,864,,,"TAG, COMPUTER, YELLOW",,2,0,0,2,25,,,,,,4798100,,0,1,N,N,EA,EA,EA,1,1,25,25,,25,15,10,,,60,60,10,10,10,10,10,10,,X,0,,0,,,,,,0,,,06/05/01,12/19/18,,,,,0,0,0,0,0,0,0,0,0,0,0,0,0,,,,,,,,,,,,,,,,,,,,0,0,0,0,0,0,0,0,0,0,0,0,0,,,,0,0,0,,,0,0,0,0,0,,,,,,EA,,0,,0,0,Y,,,,1,,LB,N,,,,,,,,,N,,0,0,,,0,0,0,Y,O,Y,,,,0,0,,,,,,,,,,,,,,,,,,,,,,N,,,,Y,N,,,Y,,,,,,,1,1,,,,,Weblink,,,,,,,,,,,,,,,,,,N
1,0NONE,US,879,,,"MIXER, OSWALT 180",,1,0,0,1,2595,,,,,,4813100,,0,1,N,N,EA,EA,EA,1,1,2595,2595,,2595,2377.45,2020.83,,,22.13,22.126,2020.83,2020.83,2020.83,2020.83,2020.83,2020.83,,X,0,,0,,,,,,0,,,06/05/01,12/19/18,,,,,0,0,0,0,0,0,0,0,0,0,0,0,0,,,,,,,,,,,,,,,,,,,,0,0,0,0,0,0,0,0,0,0,0,0,0,,,,0,0,0,,,0,0,0,0,0,,,,,,EA,,0,,0,0,Y,,,,1,,LB,N,,,,,,,,,N,,0,0,,,0,0,0,Y,O,Y,,,,0,0,,,,,,,,,,,,,,,,,,,,,,N,,,,Y,N,,,Y,,,,,,,,1,,,,,Weblink,,,,,,,,,,,,,,,,,,N
1,0NONE,US,893,,,"TAG, COMPUTER",,14,0,0,14,25,,,,,,4815800,,0,1,N,N,EA,EA,EA,1,1,25,25,,25,12,10,,,60,60,10,10,10,10,10,10,,X,0,,0,,,,,,0,,,06/05/01,12/19/18,,,,,0,0,0,0,0,0,0,0,0,0,0,0,0,,,,,,,,,,,,,,,,,,,,0,0,0,0,0,0,0,0,0,0,0,0,0,,,,0,0,0,,,0,0,0,0,0,,,,,,EA,,0,,0,0,Y,,,,1,,LB,N,,,,,,,,,N,,0,0,,,0,0,0,Y,O,Y,,,,0,0,,,,,,,,,,,,,,,,,,,,,,N,,,,Y,N,,,Y,,,,,,,13,1,,,,,Weblink,,,,,,,,,,,,,,,,,,N
1,0NONE,US,633,,,"JAR, RECEIVER, 3"" S/S",,1,0,0,1,1150,,,,,,5071600,,0,1,N,N,EA,EA,EA,1,1,1150,1150,,1150,1000,850,,,26.09,26.087,850,850,850,850,850,850,,X,0,,0,,,,,,0,,,06/05/01,12/19/18,,,,,0,0,0,0,0,0,0,0,0,0,0,0,0,,,,,,,,,,,,,,,,,,,,0,0,0,0,0,0,0,0,0,0,0,0,0,,,,0,0,0,,,0,0,0,0,0,,,,,,EA,,0,,0,0,Y,,,,1,,LB,N,,,,,,,,,N,,0,0,,,0,0,0,Y,O,Y,,,,0,0,,,,,,,,,,,,,,,,,,,,,,N,,,,Y,N,,,Y,,,,,,,,1,,,,,Weblink,,,,,,,,,,,,,,,,,,N
1,0NONE,US,641,,,"PUMP, VACUUM, FR3",,1,0,0,1,350,,,,,,5076700,,0,1,N,N,EA,EA,EA,1,1,350,350,,350,285.55,242.7,,,30.66,30.657,242.7,242.7,242.7,242.7,242.7,242.7,,X,0,,0,,,,,,0,,,06/05/01,12/19/18,,,,,0,0,0,0,0,0,0,0,0,0,0,0,0,,,,,,,,,,,,,,,,,,,,0,0,0,0,0,0,0,0,0,0,0,0,0,,,,0,0,0,,,0,0,0,0,0,,,,,,EA,,0,,0,0,Y,,,,1,,LB,N,,,,,,,,,N,,0,0,,,0,0,0,Y,O,Y,,,,0,0,,,,,,,,,,,,,,,,,,,,,,N,,,,Y,N,,,Y,,,,,,,,1,,,,,Weblink,,,,,,,,,,,,,,,,,,N
1,0NONE,US,700,,,"PUMP, MILK, STA-RITE",,1,0,0,1,95,,,,,,5082800,,0,1,N,N,EA,EA,EA,1,1,95,95,,95,54.63,46.43,,,51.13,51.126,46.43,46.43,46.43,46.43,46.43,46.43,,X,0,,0,,,,,,0,,,06/05/01,12/19/18,,,,,0,0,0,0,0,0,0,0,0,0,0,0,0,,,,,,,,,,,,,,,,,,,,0,0,0,0,0,0,0,0,0,0,0,0,0,,,,0,0,0,,,0,0,0,0,0,,,,,,EA,,0,,0,0,Y,,,,1,,LB,N,,,,,,,,,N,,0,0,,,0,0,0,Y,O,Y,,,,0,0,,,,,,,,,,,,,,,,,,,,,,N,,,,Y,N,,,Y,,,,,,,,1,,,,,Weblink,,,,,,,,,,,,,,,,,,N
1,0NONE,US,668,,,"PULSATOR, SURGE, DUAL",,2,0,0,2,75,,,,,,5090500,,0,1,N,N,EA,EA,EA,1,1,75,75,,75,30,25,,,66.67,66.667,25,25,25,25,25,25,,X,0,,0,,,,,,0,,,06/05/01,12/19/18,,,,,0,0,0,0,0,0,0,0,0,0,0,0,0,,,,,,,,,,,,,,,,,,,,0,0,0,0,0,0,0,0,0,0,0,0,0,,,,0,0,0,,,0,0,0,0,0,,,,,,EA,,0,,0,0,Y,,,,1,,LB,N,,,,,,,,,N,,0,0,,,0,0,0,Y,O,Y,,,,0,0,,,,,,,,,,,,,,,,,,,,,,N,,,,Y,N,,,Y,,,,,,,1,1,,,,,Weblink,,,,,,,,,,,,,,,,,,N
1,0NONE,US,670,,,"SHELL, DELAVAL 06",,12,0,0,12,10,,,,,,5090900,,0,1,N,N,EA,EA,EA,1,1,10,10,,10,6,5,,,50,50,5,5,5,5,5,5,,X,0,,0,,,,,,0,,,06/05/01,12/19/18,,,,,0,0,0,0,0,0,0,0,0,0,0,0,0,,,,,,,,,,,,,,,,,,,,0,0,0,0,0,0,0,0,0,0,0,0,0,,,,0,0,0,,,0,0,0,0,0,,,,,,EA,,0,,0,0,Y,,,,1,,LB,N,,,,,,,,,N,,0,0,,,0,0,0,Y,O,Y,,,,0,0,,,,,,,,,,,,,,,,,,,,,,N,,,,Y,N,,,Y,,,,,,,11,1,,,,,Weblink,,,,,,,,,,,,,,,,,,N
3,,US,670,,,"SHELL, DELAVAL 06",,-2,0,0,-2,10,,,,,,5090900,,0,1,N,N,EA,EA,EA,1,1,10,10,,10,6,5,,,50,50,5,5,5,5,5,5,,X,0,,0,,,,,,0,12/03/21,,12/03/21,,,,,,0,0,0,0,0,0,0,0,0,0,0,0,2,,,,,,,,,,,,,,,,,,,,0,0,0,0,0,0,0,0,0,0,0,0,0,,,,0,2,0,,,2,20,10,10,0,,,,,,EA,,0,,0,0,Y,,,,1,,LB,N,,,,,,,,,N,,0,0,,,0,0,0,Y,O,Y,,,,0,0,,,,,,,,,,,,,,,,,,,,,,N,,,,Y,N,,,Y,,,,,,,,1,,,,,Weblink,,,,,,,,,,,,,,,,,,N
1,0NONE,US,683UE,,,"TEE, S/S, 2""",,1,0,0,1,30,,,,,,5095400,,0,1,N,N,EA,EA,EA,1,1,30,30,,30,20,15,,,50,50,15,15,15,15,15,15,,X,0,,0,,,,,,0,,,06/05/01,12/19/18,,,,,0,0,0,0,0,0,0,0,0,0,0,0,0,,,,,,,,,,,,,,,,,,,,0,0,0,0,0,0,0,0,0,0,0,0,0,,,,0,0,0,,,0,0,0,0,0,,,,,,EA,,0,,0,0,Y,,,,1,,LB,N,,,,,,,,,N,,0,0,,,0,0,0,Y,O,Y,,,,0,0,,,,,,,,,,,,,,,,,,,,,,N,,,,Y,N,,,Y,,,,,,,,1,,,,,Weblink,,,,,,,,,,,,,,,,,,N
1,0NONE,US,693UE,,,"SHELL, S/S DELAVAL",,2,0,0,2,8,,,,,,5098400,,0,1,N,N,EA,EA,EA,1,1,8,8,,8,6,5,,,37.5,37.5,5,5,5,5,5,5,,X,0,,0,,,,,,0,,,06/05/01,12/19/18,,,,,0,0,0,0,0,0,0,0,0,0,0,0,0,,,,,,,,,,,,,,,,,,,,0,0,0,0,0,0,0,0,0,0,0,0,0,,,,0,0,0,,,0,0,0,0,0,,,,,,EA,,0,,0,0,Y,,,,1,,LB,N,,,,,,,,,N,,0,0,,,0,0,0,Y,O,Y,,,,0,0,,,,,,,,,,,,,,,,,,,,,,N,,,,Y,N,,,Y,,,,,,,1,1,,,,,Weblink,,,,,,,,,,,,,,,,,,N
1,0NONE,US,695,,,"CLAW, BOU-MATIC BARRELL",,9,0,0,9,95,,,,,,5098700,,0,1,N,N,EA,EA,EA,1,1,95,95,,95,87.87,74.69,,,21.38,21.379,74.69,74.69,74.69,74.69,74.69,74.69,,X,0,,0,,,,,,0,,,06/05/01,12/19/18,,,,,0,0,0,0,0,0,0,0,0,0,0,0,0,,,,,,,,,,,,,,,,,,,,0,0,0,0,0,0,0,0,0,0,0,0,0,,,,0,0,0,,,0,0,0,0,0,,,,,,EA,,0,,0,0,Y,,,,1,,LB,N,,,,,,,,,N,,0,0,,,0,0,0,Y,O,Y,,,,0,0,,,,,,,,,,,,,,,,,,,,,,N,,,,Y,N,,,Y,,,,,,,8,1,,,,,Weblink,,,,,,,,,,,,,,,,,,N
1,0NONE,US,707,,,"PUMP, SURGE ALAMO",,1,0,0,1,395,,,,,,5111900,,0,1,N,N,EA,EA,EA,1,1,395,395,,395,100,,,,0,100,0.001,0.001,0.001,0.001,0.001,0.001,,X,0,,0,,,,,,0,,,06/05/01,12/19/18,,,,,0,0,0,0,0,0,0,0,0,0,0,0,0,,,,,,,,,,,,,,,,,,,,0,0,0,0,0,0,0,0,0,0,0,0,0,,,,0,0,0,,,0,0,0,0,0,,,,,,EA,,0,,0,0,Y,,,,1,,LB,N,,,,,,,,,N,,0,0,,,0,0,0,Y,O,Y,,,,0,0,,,,,,,,,,,,,,,,,,,,,,N,,,,Y,N,,,Y,,,,,,,,1,,,,,Weblink,,,,,,,,,,,,,,,,,,N
1,0NONE,US,615,,,"CLAW, BOU-MATIC BARRELL",,2,0,0,2,85,,,,,,5115500,,0,1,N,N,EA,EA,EA,1,1,85,85,,85,58.82,50,,,41.18,41.177,50,50,50,50,50,50,,X,0,,0,,,,,,0,,,06/05/01,12/19/18,,,,,0,0,0,0,0,0,0,0,0,0,0,0,0,,,,,,,,,,,,,,,,,,,,0,0,0,0,0,0,0,0,0,0,0,0,0,,,,0,0,0,,,0,0,0,0,0,,,,,,EA,,0,,0,0,Y,,,,1,,LB,N,,,,,,,,,N,,0,0,,,0,0,0,Y,O,Y,,,,0,0,,,,,,,,,,,,,,,,,,,,,,N,,,,Y,N,,,Y,,,,,,,1,1,,,,,Weblink,,,,,,,,,,,,,,,,,,N
1,0NONE,US,628UE,,,"T&J ASSY., BOU-MATIC",,1,0,0,1,95,,,,,,5139700,,0,1,N,N,EA,EA,EA,1,1,95,95,,95,58.82,50,,,47.37,47.368,50,50,50,50,50,50,,X,0,,0,,,,,,0,,,06/05/01,12/19/18,,,,,0,0,0,0,0,0,0,0,0,0,0,0,0,,,,,,,,,,,,,,,,,,,,0,0,0,0,0,0,0,0,0,0,0,0,0,,,,0,0,0,,,0,0,0,0,0,,,,,,EA,,0,,0,0,Y,,,,1,,LB,N,,,,,,,,,N,,0,0,,,0,0,0,Y,O,Y,,,,0,0,,,,,,,,,,,,,,,,,,,,,,N,,,,Y,N,,,Y,,,,,,,,1,,,,,Weblink,,,,,,,,,,,,,,,,,,N
1,0NONE,US,802,,,"CLAW, S/S BARRELL, BM",,8,0,0,8,55,,,,,,5163400,,0,1,N,N,EA,EA,EA,1,1,55,55,,55,41.2,35,,,36.36,36.364,35,35,35,35,35,35,,X,0,,0,,,,,,0,,,06/05/01,12/19/18,,,,,0,0,0,0,0,0,0,0,0,0,0,0,0,,,,,,,,,,,,,,,,,,,,0,0,0,0,0,0,0,0,0,0,0,0,0,,,,0,0,0,,,0,0,0,0,0,,,,,,EA,,0,,0,0,Y,,,,1,,LB,N,,,,,,,,,N,,0,0,,,0,0,0,Y,O,Y,,,,0,0,,,,,,,,,,,,,,,,,,,,,,N,,,,Y,N,,,Y,,,,,,,7,1,,,,,Weblink,,,,,,,,,,,,,,,,,,N
1,0NONE,US,830UE,,,"PUMP, VACUUM, FR4A WITH",,1,0,0,1,875,,,,,,5166600,,0,1,N,N,EA,EA,EA,1,1,875,875,,875,445,375,,,57.14,57.143,375,375,375,375,375,375,,X,0,,0,,,,,,0,,,06/05/01,12/19/18,,,,,0,0,0,0,0,0,0,0,0,0,0,0,0,,,,,,,,,,,,,,,,,,,,0,0,0,0,0,0,0,0,0,0,0,0,0,,,,0,0,0,,,0,0,0,0,0,,,,,,EA,,0,,0,0,Y,,,,1,,LB,N,,,,,,,,,N,,0,0,,,0,0,0,Y,O,Y,,,,0,0,,,,,,,,,,,,,,,,,,,,,,N,,,,Y,N,,,Y,,,,,,,,1,,,,,Weblink,,,,,,,,,,,,,,,,,,N
1,0NONE,US,803UE,,,"COMPRESSOR, BULK TANK",,1,0,0,1,400,,,,,,5169300,,0,1,N,N,EA,EA,EA,1,1,400,400,,400,295,250,,,37.5,37.5,250,250,250,250,250,250,,X,0,,0,,,,,,0,,,06/05/01,12/19/18,,,,,0,0,0,0,0,0,0,0,0,0,0,0,0,,,,,,,,,,,,,,,,,,,,0,0,0,0,0,0,0,0,0,0,0,0,0,,,,0,0,0,,,0,0,0,0,0,,,,,,EA,,0,,0,0,Y,,,,1,,LB,N,,,,,,,,,N,,0,0,,,0,0,0,Y,O,Y,,,,0,0,,,,,,,,,,,,,,,,,,,,,,N,,,,Y,N,,,Y,,,,,,,,1,,,,,Weblink,,,,,,,,,,,,,,,,,,N
1,0NONE,US,832,,,"MOTOR, DAYTON, 10 H.P.",,1,0,0,1,500,,,,,,5172400,,0,1,N,N,EA,EA,EA,1,1,500,500,,500,355,300,,,40,40,300,300,300,300,300,300,,X,0,,0,,,,,,0,,,06/05/01,12/19/18,,,,,0,0,0,0,0,0,0,0,0,0,0,0,0,,,,,,,,,,,,,,,,,,,,0,0,0,0,0,0,0,0,0,0,0,0,0,,,,0,0,0,,,0,0,0,0,0,,,,,,EA,,0,,0,0,Y,,,,1,,LB,N,,,,,,,,,N,,0,0,,,0,0,0,Y,O,Y,,,,0,0,,,,,,,,,,,,,,,,,,,,,,N,,,,Y,N,,,Y,,,,,,,,1,,,,,Weblink,,,,,,,,,,,,,,,,,,N
1,0NONE,US,754,,,"REGULATOR, MARK II",,1,0,0,1,97.5,,,,,,5178500,,0,1,N,N,EA,EA,EA,1,1,97.5,97.5,,97.5,58.85,50,,,48.72,48.718,50,50,50,50,50,50,,X,0,,0,,,,,,0,,,06/05/01,12/19/18,,,,,0,0,0,0,0,0,0,0,0,0,0,0,0,,,,,,,,,,,,,,,,,,,,0,0,0,0,0,0,0,0,0,0,0,0,0,,,,0,0,0,,,0,0,0,0,0,,,,,,EA,,0,,0,0,Y,,,,1,,LB,N,,,,,,,,,N,,0,0,,,0,0,0,Y,O,Y,,,,0,0,,,,,,,,,,,,,,,,,,,,,,N,,,,Y,N,,,Y,,,,,,,,1,,,,,Weblink,,,,,,,,,,,,,,,,,,N
1,0NONE,US,810UE,,,"METER ONLY, DETACHER",,2,0,0,2,400,,,,,,5188900,,0,1,N,N,EA,EA,EA,1,1,400,400,,400,275,240,,,40,40,240,240,240,240,240,240,,X,0,,0,,,,,,0,,,06/05/01,12/19/18,,,,,0,0,0,0,0,0,0,0,0,0,0,0,0,,,,,,,,,,,,,,,,,,,,0,0,0,0,0,0,0,0,0,0,0,0,0,,,,0,0,0,,,0,0,0,0,0,,,,,,EA,,0,,0,0,Y,,,,1,,LB,N,,,,,,,,,N,,0,0,,,0,0,0,Y,O,Y,,,,0,0,,,,,,,,,,,,,,,,,,,,,,N,,,,Y,N,,,Y,,,,,,,1,1,,,,,Weblink,,,,,,,,,,,,,,,,,,N
1,0NONE,US,845,,,"PUMP, MILK, 2 H.P.",,1,0,0,1,300,,,,,,5193900,,0,1,N,N,EA,EA,EA,1,1,300,300,,300,150,,,,0,100,0.001,0.001,0.001,0.001,0.001,0.001,,X,0,,0,,,,,,0,,,06/05/01,12/19/18,,,,,0,0,0,0,0,0,0,0,0,0,0,0,0,,,,,,,,,,,,,,,,,,,,0,0,0,0,0,0,0,0,0,0,0,0,0,,,,0,0,0,,,0,0,0,0,0,,,,,,EA,,0,,0,0,Y,,,,1,,LB,N,,,,,,,,,N,,0,0,,,0,0,0,Y,O,Y,,,,0,0,,,,,,,,,,,,,,,,,,,,,,N,,,,Y,N,,,Y,,,,,,,,1,,,,,Weblink,,,,,,,,,,,,,,,,,,N
1,125,US,897,,,"TANK, DARI-KOOL, 1500GAL",,1,0,0,1,7995,125,,,,,5228500,,0,1,N,N,EA,EA,EA,1,1,7995,7995,,7995,4800,4000,,,49.97,49.969,4000,4000,4000,4000,4000,4000,,X,0,,0,,,,,,0,,,06/05/01,12/19/18,,,,,0,0,0,0,0,0,0,0,0,0,0,0,0,,,,,,,,,,,,,,,,,,,,0,0,0,0,0,0,0,0,0,0,0,0,0,,,,0,0,0,,,0,0,0,0,0,,,,,,EA,,0,,0,0,Y,,,,1,,LB,N,,,,,,,,,N,,0,0,,,0,0,0,Y,O,Y,,,,0,0,,,,,,,,,,,,,,,,,,,,,,N,,,,Y,N,,,Y,,,,,,,,1,,,,,Weblink,,,,,,,,,,,,,,,,,,N
1,0NONE,US,888UE,,,"CLAW, FLO-STAR, W/O VALVE",,10,0,0,10,150,,,,,,5264700,,0,1,N,N,EA,EA,EA,1,1,150,150,,150,90,75,,,50,50,75,75,75,75,75,75,,X,0,,0,,,,,,0,,,06/05/01,12/19/18,,,,,0,0,0,0,0,0,0,0,0,0,0,0,0,,,,,,,,,,,,,,,,,,,,0,0,0,0,0,0,0,0,0,0,0,0,0,,,,0,0,0,,,0,0,0,0,0,,,,,,EA,,0,,0,0,Y,,,,1,,LB,N,,,,,,,,,N,,0,0,,,0,0,0,Y,O,Y,,,,0,0,,,,,,,,,,,,,,,,,,,,,,N,,,,Y,N,,,Y,,,,,,,9,1,,,,,Weblink,,,,,,,,,,,,,,,,,,N
1,0NONE,US,164,,,"CONTROLLER, DECO II",,1,0,0,1,200,,,,,,2897000,,0,1,N,N,EA,EA,EA,1,1,200,200,,200,,,,,0,100,0.001,0.001,0.001,0.001,0.001,0.001,,X,0,,0,,,,,,0,,,06/05/01,12/19/18,,,,,0,0,0,0,0,0,0,0,0,0,0,0,0,,,,,,,,,,,,,,,,,,,,0,0,0,0,0,0,0,0,0,0,0,0,0,,,,0,0,0,,,0,0,0,0,0,,,,,,EA,,0,,0,0,Y,,,,1,,LB,N,,,,,,,,,N,,0,0,,,0,0,0,Y,O,Y,,,,0,0,,,,,,,,,,,,,,,,,,,,,,N,,,,Y,N,,,Y,,,,,,,,1,,,,,Weblink,,,,,,,,,,,,,,,,,,N
1,0NONE,US,368,,,"COMPUTER, USED, 2030,",,1,0,0,1,2295,,,,,,2676500,,0,1,N,N,EA,EA,EA,1,1,2295,2295,,2295,,,,,0,100,500,500,500,0.001,0.001,0.001,,X,0,,0,,,,,,0,,,06/05/01,12/19/18,,,,,0,0,0,0,0,0,0,0,0,0,0,0,0,,,,,,,,,,,,,,,,,,,,0,0,0,0,0,0,0,0,0,0,0,0,0,,,,0,0,0,,,0,0,0,0,0,,,,,,EA,,0,,0,0,Y,,,,1,,LB,N,,,,,,,,,N,,0,0,,,0,0,0,Y,O,Y,,,,0,0,,,,,,,,,,,,,,,,,,,,,,N,,,,Y,N,,,Y,,,,,,,,1,,,,,Weblink,,,,,,,,,,,,,,,,,,N
2,,US,*USEDEQUIPMENT,,,USED EQUIPMENT,,0,0,0,0,,,,,,,2617900,,0,0,N,N,EA,EA,EA,1,1,,,,,,,,,45,0,75,75,75,0.001,0.001,0.001,,,0,20467.7,86,20467.62,,1,,,0,,,06/05/01,,,,,,0,0,0,0,2,27,1,0,55,2,0,-1,1,,,,,,,,,,,,,,,,,,,,1,0,0,0,2,0,2,4,24,27,7,1,1,,,,0,335,21,0.08,0.08,68,121818,0,0,0,0,,,,0,EA,,0,,0,0,Y,,,,1,,LB,N,,,,,,,,,N,,0,0,,,0,0,0,Y,O,Y,10/10/22,,,86,0,,,,,,,,,,,,,,,,,,,,,,N,,,,N,N,,,Y,,,,,,,,1,,,,,Weblink,,,,,,,,,,,,,,,,,,N
3,,US,*USEDEQUIPMENT,,,USED EQUIPMENT,,0,0,0,0,,,,,,,2617800,,0,0,N,N,EA,EA,EA,1,1,,,,,,,,,45,0,75,75,75,0.001,0.001,0.001,,A,0,,0,,,,,,0,,,07/11/16,,,,,,0,0,0,0,0,0,0,0,0,0,0,0,0,,,,,,,,,,,,,,,,,,,,0,0,0,0,0,0,6,0,0,0,0,0,0,,,0,0,51,0,,,6,1800,0,0,0,0,,,,0,EA,,0,,0,0,Y,,,,1,,LB,N,,,,,,,,,N,,0,0,,,0,0,0,Y,O,Y,10/10/22,,,0,0,,,,,,,,,,,,,,,,,,,,,,N,,,,Y,N,,,Y,,,,,,,,1,,,,,Weblink,,,,,,,,,,,,,,,,,,N
1,0NONE,US,*USEDEQUIPMENT,,,USED EQUIPMENT,,0,0,0,0,,,,,,,2617800,,0,0,N,N,EA,EA,EA,1,1,,,,,,,,,45,0,75,75,75,0.001,0.001,0.001,,,51,81016.93,300,81016.71,,1,,,0,,,06/05/01,,,,,,51,2,12,136,11,-2,21,7,8,26,7,21,65,,,,,,,,,,,,,,,,,,,,17,47,0,18,12,61,27,86,53,7,11,9,28,,,,0,1849,96,0.22,0.22,404,-18527,0,0,0,0,,,,0,EA,,0,,0,0,Y,,,,1,,LB,N,,,,,,,,,N,,0,0,,,0,0,0,Y,O,Y,10/10/22,,,300,0,,,,,,,,,,,,,,,,,,,,,,N,,,,Y,N,,,Y,,,,,,,,1,,,,,Weblink,,,,,,,,,,,,,,,,,,N
1,0NONE,US,207UE,,,"WASHER, BENDER, 4-UNIT",,1,0,0,1,50,,,,,,2568100,,0,1,N,N,EA,EA,EA,1,1,50,50,,50,,,,,0,99.998,0.001,0.001,0.001,0.001,0.001,0.001,,X,0,,0,,,,,,0,,,06/05/01,12/19/18,,,,,0,0,0,0,0,0,0,0,0,0,0,0,0,,,,,,,,,,,,,,,,,,,,0,0,0,0,0,0,0,0,0,0,0,0,0,,,,0,0,0,,,0,0,0,0,0,,,,,,EA,,0,,0,0,Y,,,,1,,LB,N,,,,,,,,,N,,0,0,,,0,0,0,Y,O,Y,,,,0,0,,,,,,,,,,,,,,,,,,,,,,N,,,,Y,N,,,Y,,,,,,,,1,,,,,Weblink,,,,,,,,,,,,,,,,,,N
1,0NONE,US,186UE,,,"SHELL, S/S, DELAVAL",,7,0,0,7,8,,,,,,2474000,,0,1,N,N,EA,EA,EA,1,1,8,8,,8,,,,,99.99,99.988,0.001,0.001,0.001,0.001,0.001,0.001,,X,0,,0,,,,,,0,,,06/05/01,12/19/18,,,,,0,0,0,0,0,0,0,0,0,0,0,0,0,,,,,,,,,,,,,,,,,,,,0,0,0,0,0,0,0,0,0,0,0,0,0,,,,0,0,0,,,0,0,0,0,0,,,,,,EA,,0,,0,0,Y,,,,1,,LB,N,,,,,,,,,N,,0,0,,,0,0,0,Y,O,Y,,,,0,0,,,,,,,,,,,,,,,,,,,,,,N,,,,Y,N,,,Y,,,,,,,6,1,,,,,Weblink,,,,,,,,,,,,,,,,,,N
1,0NONE,US,153UE,,,"SHELL, S/S, BOU-MATIC",,1,0,0,1,10,,,,,,2346600,,0,1,N,N,EA,EA,EA,1,1,10,10,,10,,,,,99.99,99.99,3,3,3,0.001,0.001,0.001,,X,0,,0,,,,,,0,,,06/05/01,12/19/18,,,,,0,0,0,0,0,0,0,0,0,0,0,0,0,,,,,,,,,,,,,,,,,,,,0,0,0,0,0,0,0,0,0,0,0,0,0,,,,0,0,0,,,0,0,0,0,0,,,,,,EA,,0,,0,0,Y,,,,1,,LB,N,,,,,,,,,N,,0,0,,,0,0,0,Y,O,Y,,,,0,0,,,,,,,,,,,,,,,,,,,,,,N,,,,Y,N,,,Y,,,,,,,,1,,,,,Weblink,,,,,,,,,,,,,,,,,,N
3,,US,250L,,,MILK TAXI 250L - USED/TRADE-IN,,1,0,0,1,5500,,,,,,250L,,0,1,N,N,EA,EA,EA,1,1,5500,5500,,5500,5500,5500,5500,5500,45,54.546,2500,2500,2500,2500,2500,2500,,X,0,,0,,,,,,0,,08/29/17,08/29/17,,,,,,0,0,0,0,0,0,0,0,0,0,0,0,0,,,,,,,,,,,,,,,,,,,,0,0,0,0,0,0,0,0,0,0,0,0,0,,,,0,-1,0,,,0,0,0,0,0,,,,,,EA,,0,,0,0,Y,,,,,,LB,N,,,,,,,,,N,,0,0,,,0,0,0,Y,O,Y,08/29/17,,,0,0,,,,,,,,,,,,,,,,,,,,,,N,,,,Y,N,,,Y,,,,,,,,1,,,,,Weblink,,,,,,,,,,,,,,,,,,N
1,,US,3554142U,,,"12 UNIT PWR SPLY, 24V DC-USED",,1,0,0,1,600,1,,3554142,,,3554142U,,0,1,N,N,EA,EA,EA,1,1,600,600,,600,600,600,600,600,45,100,300,300,300,0.001,0.001,0.001,,X,0,,0,,,,,,0,,05/26/20,05/26/20,,,,,,0,0,0,0,0,0,0,0,0,0,0,0,0,,,,,,,,,,,,,,,,,,,,0,0,0,0,0,0,0,0,0,0,0,0,0,,,,0,-1,0,,,0,0,0,0,0,,,,,,EA,,0,,0,0,Y,,,,,,LB,N,,,,,,,,,N,,0,0,,,0,0,0,Y,O,Y,05/26/20,,,0,0,,,,,,,,,,,,,,,,,,,,,,N,,,,Y,N,,,Y,,,,,,,,1,,,,,Weblink,,,,,,,,,,,,,,,,,,N
1,0NONE,US,367,,,"FEED COMPUTER, USED, 201,",,1,0,0,1,500,,,,,,2323100,,0,1,N,N,EA,EA,EA,1,1,500,500,,500,,,,,0,100,300.8,300.8,300.8,0.001,0.001,0.001,,X,0,,0,,,,,,0,,,06/05/01,12/19/18,,,,,0,0,0,0,0,0,0,0,0,0,0,0,0,,,,,,,,,,,,,,,,,,,,0,0,0,0,0,0,0,0,0,0,0,0,0,,,,0,0,0,,,0,0,0,0,0,,,,,,EA,,0,,0,0,Y,,,,1,,LB,N,,,,,,,,,N,,0,0,,,0,0,0,Y,O,Y,,,,0,0,,,,,,,,,,,,,,,,,,,,,,N,,,,Y,N,,,Y,,,,,,,,1,,,,,Weblink,,,,,,,,,,,,,,,,,,N
1,,US,EMPTY,,,EMPTY CHEMICAL CONTAINER,,0,0,0,0,,,,,,,EMPTY,,0,0,N,N,EA,EA,EA,1,1,,,,,,,,,45,0,,,,,,,,X,0,704.23,10,316.9,,0.45,,,0,,,11/21/19,,,,,,0,10,0,0,0,0,0,0,0,0,0,0,0,,,,,,,,,,,,,,,,,,,,0,0,0,1,5,0,0,0,0,0,0,0,0,,,0,0,17,2,387.33,387.33,6,170,94,94,0,0,,,,0,EA,,39,,0,0,Y,,,,,,LB,N,,,,,,,,,N,,0,0,,,0,0,0,Y,O,Y,,,,10,0,,,,,,,,,,,,,,,,,,,,,,N,,,,Y,N,,,Y,,,,,,,,1,,,,,Weblink,,,,,,,,,,,,,,,,,,N
3,,US,EMPTY,,,EMPTY CHEMICAL CONTAINER,,0,0,0,0,,,,,,,EMPTY,,0,0,N,N,EA,EA,EA,1,1,,,,,,,,,45,0,,,,,,,,,0,,0,,,,,,0,,,08/23/16,,,,,,0,0,0,0,0,0,0,0,0,0,0,0,0,,,,,,,,,,,,,,,,,,,,0,0,0,0,0,0,0,0,0,0,0,0,0,,,0,0,14,0,,,0,0,0,0,0,0,,,,0,EA,,39,,0,0,Y,,,,,,LB,N,,,,,,,,,N,,0,0,,,0,0,0,Y,O,Y,,,,0,0,,,,,,,,,,,,,,,,,,,,,,N,,,,Y,N,,,Y,,,,,,,,1,,,,,Weblink,,,,,,,,,,,,,,,,,,N
1,0NONE,US,301UE,,,"CLAW, BARRELL, BOU-MATIC",,3,0,0,3,75,,,,,,2235100,,0,1,N,N,EA,EA,EA,1,1,75,75,,75,,,,,0,99.999,50,50,50,0.001,0.001,0.001,,X,0,,0,,,,,,0,,,06/05/01,12/19/18,,,,,0,0,0,0,0,0,0,0,0,0,0,0,0,,,,,,,,,,,,,,,,,,,,0,0,0,0,0,0,0,0,0,0,0,0,0,,,,0,0,0,,,0,0,0,0,0,,,,,,EA,,0,,0,0,Y,,,,1,,LB,N,,,,,,,,,N,,0,0,,,0,0,0,Y,O,Y,,,,0,0,,,,,,,,,,,,,,,,,,,,,,N,,,,Y,N,,,Y,,,,,,,2,1,,,,,Weblink,,,,,,,,,,,,,,,,,,N
1,0NONE,US,333UE,,,"SUPPLIER, VAC, FR3 W/3 HP",,1,0,0,1,695,,,,,,2195200,,0,1,N,N,EA,EA,EA,1,1,695,695,,695,,,,,0,100,150,150,150,0.001,0.001,0.001,,X,0,,0,,,,,,0,,,06/05/01,12/19/18,,,,,0,0,0,0,0,0,0,0,0,0,0,0,0,,,,,,,,,,,,,,,,,,,,0,0,0,0,0,0,0,0,0,0,0,0,0,,,,0,0,0,,,0,0,0,0,0,,,,,,EA,,0,,0,0,Y,,,,1,,LB,N,,,,,,,,,N,,0,0,,,0,0,0,Y,O,Y,,,,0,0,,,,,,,,,,,,,,,,,,,,,,N,,,,Y,N,,,Y,,,,,,,,1,,,,,Weblink,,,,,,,,,,,,,,,,,,N
1,0NONE,US,885UE,,,"PUMP ONLY, VACUUM, VP330",,1,0,0,1,695,,,,,,4168500,,0,1,N,N,EA,EA,EA,1,1,695,695,,695,588.25,500,,,28.06,28.058,500,500,500,500,500,500,,X,0,,0,,,,,,0,,,06/05/01,12/19/18,,,,,0,0,0,0,0,0,0,0,0,0,0,0,0,,,,,,,,,,,,,,,,,,,,0,0,0,0,0,0,0,0,0,0,0,0,0,,,,0,0,0,,,0,0,0,0,0,,,,,,EA,,0,,0,0,Y,,,,1,,LB,N,,,,,,,,,N,,0,0,,,0,0,0,Y,O,Y,,,,0,0,,,,,,,,,,,,,,,,,,,,,,N,,,,Y,N,,,Y,,,,,,,,1,,,,,Weblink,,,,,,,,,,,,,,,,,,N
1,0NONE,US,255C,,,"TEE, S/S, 1 1/2""",,1,0,0,1,15,,,,,,2017300,,0,1,N,N,EA,EA,EA,1,1,15,15,,15,,,,,99.99,99.993,0.001,0.001,0.001,0.001,0.001,0.001,,X,0,,0,,,,,,0,,,06/05/01,12/19/18,,,,,0,0,0,0,0,0,0,0,0,0,0,0,0,,,,,,,,,,,,,,,,,,,,0,0,0,0,0,0,0,0,0,0,0,0,0,,,,0,0,0,,,0,0,0,0,0,,,,,,EA,,0,,0,0,Y,,,,1,,LB,N,,,,,,,,,N,,0,0,,,0,0,0,Y,O,Y,,,,0,0,,,,,,,,,,,,,,,,,,,,,,N,,,,Y,N,,,Y,,,,,,,,1,,,,,Weblink,,,,,,,,,,,,,,,,,,N
1,,US,SO,,,SPECIAL ORDER SKU,,0,0,0,0,,,,,,,SO,,0,0,N,N,EA,EA,EA,1,1,,,,,,,,,45,0,3.36,3.36,3.36,,,,,A,1,701.25,163,153.57,,0.219,,,0,,09/24/18,02/18/15,,,,,,1,0,0,0,0,0,0,0,161,1,0,0,1,,,,,,,,,,,,,,,,,,,,0,0,0,0,0,0,0,0,0,0,0,0,0,,,0,0,200,5,547.68,385.69,1,4500,3,2475,0,0,,,,0,EA,,0,,-112,0,Y,58,,,,,LB,N,,,,,,,,,N,,0,0,,,0,0,0,Y,O,Y,10/26/21,,,163,0,,,,,,,,,,,,,,,Y,,,,,,,N,,,,Y,N,,,Y,,,,,,,,1,,,,,Weblink,,,,,,,,,,,,,,,,,,N
2,,US,SO,,,SPECIAL ORDER SKU,,0,0,0,0,,,,,,,SO,,0,0,N,N,EA,EA,EA,1,1,,,,,,,,,45,0,3.36,3.36,3.36,14906.25,14906.25,14906.25,,,0,,0,,,,,,0,,09/24/18,10/04/16,,,,,,0,0,0,0,0,0,0,0,0,0,0,0,0,,,,,,,,,,,,,,,,,,,,0,0,0,0,0,0,0,0,0,0,0,0,0,,,0,0,0,1,,,0,0,0,0,0,0,,,,0,EA,,0,,0,0,Y,58,,,,,LB,N,,,,,,,,,N,,0,0,,,0,0,0,Y,O,Y,10/26/21,,,0,0,,,,,,,,,,,,,,,,,,,,,,N,,,,Y,N,,,Y,,,,,,,,1,,,,,Weblink,,,,,,,,,,,,,,,,,,N
3,,US,SO,,,SPECIAL ORDER SKU,,0,0,0,0,,,,,,,SO,,0,0,N,N,EA,EA,EA,1,1,,,,,,,,,45,0,3.36,3.36,3.36,14906.25,14906.25,14906.25,,,0,,0,,,,,,0,,09/24/18,10/04/16,,,,,,0,0,0,0,0,0,0,0,0,0,0,0,0,,,,,,,,,,,,,,,,,,,,0,0,0,0,0,0,0,0,0,0,0,0,0,,,0,0,3,0,,,0,0,0,0,0,0,,,,0,EA,,0,,0,0,Y,58,,,,,LB,N,,,,,,,,,N,,0,0,,,0,0,0,Y,O,Y,10/26/21,,,0,0,,,,,,,,,,,,,,,,,,,,,,N,,,,Y,N,,,Y,,,,,,,,1,,,,,Weblink,,,,,,,,,,,,,,,,,,N
